Observation id	Observation date	Description	Observation type	Source	Time offset (s)	Coding duration	Media duration (s)	FPS (frame/s)	Subject	Observation duration by subject by observation	Behavior	Behavioral category	Behavior type	Start (s)	Stop (s)	Duration (s)	Media file name	Image index start	Image index stop	Image file path start	Image file path stop	Comment start	Comment stop
13_nov_p1	2024-09-24 11:39:07.053		Media file	player #1:C:/lab/Social Memory/13_nov_p1_converted.mp4	0.0	1625.937	2194.125	16.000	subject	279.738	facial sniffing	Not defined	STATE	564.125	565.312	1.187	C:/lab/Social Memory/13_nov_p1_converted.mp4	9026	9045				
13_nov_p1	2024-09-24 11:39:07.053		Media file	player #1:C:/lab/Social Memory/13_nov_p1_converted.mp4	0.0	1625.937	2194.125	16.000	social_agent	118.367	facial sniffing	Not defined	STATE	564.125	565.000	0.875	C:/lab/Social Memory/13_nov_p1_converted.mp4	9026	9040				
13_nov_p1	2024-09-24 11:39:07.053		Media file	player #1:C:/lab/Social Memory/13_nov_p1_converted.mp4	0.0	1625.937	2194.125	16.000	social_agent	118.367	mice back in	Not defined	POINT	564.438	564.438	NA	C:/lab/Social Memory/13_nov_p1_converted.mp4	9031	9031				
13_nov_p1	2024-09-24 11:39:07.053		Media file	player #1:C:/lab/Social Memory/13_nov_p1_converted.mp4	0.0	1625.937	2194.125	16.000	subject	279.738	anogenital sniffing	Not defined	STATE	566.188	567.249	1.061	C:/lab/Social Memory/13_nov_p1_converted.mp4	9059	NA				
13_nov_p1	2024-09-24 11:39:07.053		Media file	player #1:C:/lab/Social Memory/13_nov_p1_converted.mp4	0.0	1625.937	2194.125	16.000	subject	279.738	anogenital sniffing	Not defined	STATE	570.625	573.438	2.813	C:/lab/Social Memory/13_nov_p1_converted.mp4	9130	9175				
13_nov_p1	2024-09-24 11:39:07.053		Media file	player #1:C:/lab/Social Memory/13_nov_p1_converted.mp4	0.0	1625.937	2194.125	16.000	subject	279.738	anogenital sniffing	Not defined	STATE	576.437	576.438	0.001	C:/lab/Social Memory/13_nov_p1_converted.mp4	NA	9223				
13_nov_p1	2024-09-24 11:39:07.053		Media file	player #1:C:/lab/Social Memory/13_nov_p1_converted.mp4	0.0	1625.937	2194.125	16.000	subject	279.738	anogenital sniffing	Not defined	STATE	581.125	584.688	3.563	C:/lab/Social Memory/13_nov_p1_converted.mp4	9298	9355				
13_nov_p1	2024-09-24 11:39:07.053		Media file	player #1:C:/lab/Social Memory/13_nov_p1_converted.mp4	0.0	1625.937	2194.125	16.000	social_agent	118.367	anogenital sniffing	Not defined	STATE	581.312	582.000	0.688	C:/lab/Social Memory/13_nov_p1_converted.mp4	9301	9312				
13_nov_p1	2024-09-24 11:39:07.053		Media file	player #1:C:/lab/Social Memory/13_nov_p1_converted.mp4	0.0	1625.937	2194.125	16.000	social_agent	118.367	anogenital sniffing	Not defined	STATE	582.688	583.000	0.312	C:/lab/Social Memory/13_nov_p1_converted.mp4	9323	9328				
13_nov_p1	2024-09-24 11:39:07.053		Media file	player #1:C:/lab/Social Memory/13_nov_p1_converted.mp4	0.0	1625.937	2194.125	16.000	subject	279.738	anogenital sniffing	Not defined	STATE	585.375	586.188	0.813	C:/lab/Social Memory/13_nov_p1_converted.mp4	9366	9379				
13_nov_p1	2024-09-24 11:39:07.053		Media file	player #1:C:/lab/Social Memory/13_nov_p1_converted.mp4	0.0	1625.937	2194.125	16.000	subject	279.738	anogenital sniffing	Not defined	STATE	586.438	586.688	0.250	C:/lab/Social Memory/13_nov_p1_converted.mp4	9383	9387				
13_nov_p1	2024-09-24 11:39:07.053		Media file	player #1:C:/lab/Social Memory/13_nov_p1_converted.mp4	0.0	1625.937	2194.125	16.000	subject	279.738	anogenital sniffing	Not defined	STATE	587.500	589.438	1.938	C:/lab/Social Memory/13_nov_p1_converted.mp4	9400	9431				
13_nov_p1	2024-09-24 11:39:07.053		Media file	player #1:C:/lab/Social Memory/13_nov_p1_converted.mp4	0.0	1625.937	2194.125	16.000	subject	279.738	anogenital sniffing	Not defined	STATE	590.312	592.875	2.563	C:/lab/Social Memory/13_nov_p1_converted.mp4	9445	9486				
13_nov_p1	2024-09-24 11:39:07.053		Media file	player #1:C:/lab/Social Memory/13_nov_p1_converted.mp4	0.0	1625.937	2194.125	16.000	subject	279.738	anogenital sniffing	Not defined	STATE	594.375	596.688	2.313	C:/lab/Social Memory/13_nov_p1_converted.mp4	9510	9547				
13_nov_p1	2024-09-24 11:39:07.053		Media file	player #1:C:/lab/Social Memory/13_nov_p1_converted.mp4	0.0	1625.937	2194.125	16.000	subject	279.738	anogenital sniffing	Not defined	STATE	598.000	604.688	6.688	C:/lab/Social Memory/13_nov_p1_converted.mp4	9568	9675				
13_nov_p1	2024-09-24 11:39:07.053		Media file	player #1:C:/lab/Social Memory/13_nov_p1_converted.mp4	0.0	1625.937	2194.125	16.000	social_agent	118.367	anogenital sniffing	Not defined	STATE	602.250	602.688	0.438	C:/lab/Social Memory/13_nov_p1_converted.mp4	9636	9643				
13_nov_p1	2024-09-24 11:39:07.053		Media file	player #1:C:/lab/Social Memory/13_nov_p1_converted.mp4	0.0	1625.937	2194.125	16.000	subject	279.738	anogenital sniffing	Not defined	STATE	605.625	606.375	0.750	C:/lab/Social Memory/13_nov_p1_converted.mp4	9690	9702				
13_nov_p1	2024-09-24 11:39:07.053		Media file	player #1:C:/lab/Social Memory/13_nov_p1_converted.mp4	0.0	1625.937	2194.125	16.000	subject	279.738	anogenital sniffing	Not defined	STATE	608.688	612.688	4.000	C:/lab/Social Memory/13_nov_p1_converted.mp4	9739	9803				
13_nov_p1	2024-09-24 11:39:07.053		Media file	player #1:C:/lab/Social Memory/13_nov_p1_converted.mp4	0.0	1625.937	2194.125	16.000	subject	279.738	anogenital sniffing	Not defined	STATE	613.500	614.625	1.125	C:/lab/Social Memory/13_nov_p1_converted.mp4	9816	9834				
13_nov_p1	2024-09-24 11:39:07.053		Media file	player #1:C:/lab/Social Memory/13_nov_p1_converted.mp4	0.0	1625.937	2194.125	16.000	subject	279.738	facial sniffing	Not defined	STATE	615.312	616.500	1.188	C:/lab/Social Memory/13_nov_p1_converted.mp4	9845	9864				
13_nov_p1	2024-09-24 11:39:07.053		Media file	player #1:C:/lab/Social Memory/13_nov_p1_converted.mp4	0.0	1625.937	2194.125	16.000	social_agent	118.367	facial sniffing	Not defined	STATE	615.875	616.312	0.437	C:/lab/Social Memory/13_nov_p1_converted.mp4	9854	9861				
13_nov_p1	2024-09-24 11:39:07.053		Media file	player #1:C:/lab/Social Memory/13_nov_p1_converted.mp4	0.0	1625.937	2194.125	16.000	subject	279.738	anogenital sniffing	Not defined	STATE	617.000	618.062	1.062	C:/lab/Social Memory/13_nov_p1_converted.mp4	9872	9889				
13_nov_p1	2024-09-24 11:39:07.053		Media file	player #1:C:/lab/Social Memory/13_nov_p1_converted.mp4	0.0	1625.937	2194.125	16.000	subject	279.738	anogenital sniffing	Not defined	STATE	619.062	621.000	1.938	C:/lab/Social Memory/13_nov_p1_converted.mp4	9905	9936				
13_nov_p1	2024-09-24 11:39:07.053		Media file	player #1:C:/lab/Social Memory/13_nov_p1_converted.mp4	0.0	1625.937	2194.125	16.000	subject	279.738	anogenital sniffing	Not defined	STATE	624.250	625.000	0.750	C:/lab/Social Memory/13_nov_p1_converted.mp4	9988	10000				
13_nov_p1	2024-09-24 11:39:07.053		Media file	player #1:C:/lab/Social Memory/13_nov_p1_converted.mp4	0.0	1625.937	2194.125	16.000	subject	279.738	anogenital sniffing	Not defined	STATE	625.688	626.688	1.000	C:/lab/Social Memory/13_nov_p1_converted.mp4	10011	10027				
13_nov_p1	2024-09-24 11:39:07.053		Media file	player #1:C:/lab/Social Memory/13_nov_p1_converted.mp4	0.0	1625.937	2194.125	16.000	subject	279.738	anogenital sniffing	Not defined	STATE	627.375	627.875	0.500	C:/lab/Social Memory/13_nov_p1_converted.mp4	10038	10046				
13_nov_p1	2024-09-24 11:39:07.053		Media file	player #1:C:/lab/Social Memory/13_nov_p1_converted.mp4	0.0	1625.937	2194.125	16.000	subject	279.738	anogenital sniffing	Not defined	STATE	629.312	629.688	0.376	C:/lab/Social Memory/13_nov_p1_converted.mp4	10069	10075				
13_nov_p1	2024-09-24 11:39:07.053		Media file	player #1:C:/lab/Social Memory/13_nov_p1_converted.mp4	0.0	1625.937	2194.125	16.000	subject	279.738	anogenital sniffing	Not defined	STATE	630.375	632.125	1.750	C:/lab/Social Memory/13_nov_p1_converted.mp4	10086	10114				
13_nov_p1	2024-09-24 11:39:07.053		Media file	player #1:C:/lab/Social Memory/13_nov_p1_converted.mp4	0.0	1625.937	2194.125	16.000	subject	279.738	anogenital sniffing	Not defined	STATE	632.750	635.062	2.312	C:/lab/Social Memory/13_nov_p1_converted.mp4	10124	10161				
13_nov_p1	2024-09-24 11:39:07.053		Media file	player #1:C:/lab/Social Memory/13_nov_p1_converted.mp4	0.0	1625.937	2194.125	16.000	subject	279.738	anogenital sniffing	Not defined	STATE	635.875	636.562	0.687	C:/lab/Social Memory/13_nov_p1_converted.mp4	10174	10185				
13_nov_p1	2024-09-24 11:39:07.053		Media file	player #1:C:/lab/Social Memory/13_nov_p1_converted.mp4	0.0	1625.937	2194.125	16.000	subject	279.738	anogenital sniffing	Not defined	STATE	637.312	639.562	2.250	C:/lab/Social Memory/13_nov_p1_converted.mp4	10197	10233				
13_nov_p1	2024-09-24 11:39:07.053		Media file	player #1:C:/lab/Social Memory/13_nov_p1_converted.mp4	0.0	1625.937	2194.125	16.000	subject	279.738	anogenital sniffing	Not defined	STATE	643.750	644.375	0.625	C:/lab/Social Memory/13_nov_p1_converted.mp4	10300	10310				
13_nov_p1	2024-09-24 11:39:07.053		Media file	player #1:C:/lab/Social Memory/13_nov_p1_converted.mp4	0.0	1625.937	2194.125	16.000	subject	279.738	anogenital sniffing	Not defined	STATE	645.188	646.812	1.624	C:/lab/Social Memory/13_nov_p1_converted.mp4	10323	10349				
13_nov_p1	2024-09-24 11:39:07.053		Media file	player #1:C:/lab/Social Memory/13_nov_p1_converted.mp4	0.0	1625.937	2194.125	16.000	subject	279.738	anogenital sniffing	Not defined	STATE	647.562	648.312	0.750	C:/lab/Social Memory/13_nov_p1_converted.mp4	10361	10373				
13_nov_p1	2024-09-24 11:39:07.053		Media file	player #1:C:/lab/Social Memory/13_nov_p1_converted.mp4	0.0	1625.937	2194.125	16.000	subject	279.738	anogenital sniffing	Not defined	STATE	650.188	652.750	2.562	C:/lab/Social Memory/13_nov_p1_converted.mp4	10403	10444				
13_nov_p1	2024-09-24 11:39:07.053		Media file	player #1:C:/lab/Social Memory/13_nov_p1_converted.mp4	0.0	1625.937	2194.125	16.000	subject	279.738	facial sniffing	Not defined	STATE	654.438	656.562	2.124	C:/lab/Social Memory/13_nov_p1_converted.mp4	10471	10505				
13_nov_p1	2024-09-24 11:39:07.053		Media file	player #1:C:/lab/Social Memory/13_nov_p1_converted.mp4	0.0	1625.937	2194.125	16.000	social_agent	118.367	facial sniffing	Not defined	STATE	655.188	656.812	1.624	C:/lab/Social Memory/13_nov_p1_converted.mp4	10483	10509				
13_nov_p1	2024-09-24 11:39:07.053		Media file	player #1:C:/lab/Social Memory/13_nov_p1_converted.mp4	0.0	1625.937	2194.125	16.000	subject	279.738	facial sniffing	Not defined	STATE	657.062	660.062	3.000	C:/lab/Social Memory/13_nov_p1_converted.mp4	10513	10561				
13_nov_p1	2024-09-24 11:39:07.053		Media file	player #1:C:/lab/Social Memory/13_nov_p1_converted.mp4	0.0	1625.937	2194.125	16.000	social_agent	118.367	anogenital sniffing	Not defined	STATE	657.625	660.688	3.063	C:/lab/Social Memory/13_nov_p1_converted.mp4	10522	10571				
13_nov_p1	2024-09-24 11:39:07.053		Media file	player #1:C:/lab/Social Memory/13_nov_p1_converted.mp4	0.0	1625.937	2194.125	16.000	subject	279.738	anogenital sniffing	Not defined	STATE	661.062	663.000	1.938	C:/lab/Social Memory/13_nov_p1_converted.mp4	10577	10608				
13_nov_p1	2024-09-24 11:39:07.053		Media file	player #1:C:/lab/Social Memory/13_nov_p1_converted.mp4	0.0	1625.937	2194.125	16.000	social_agent	118.367	anogenital sniffing	Not defined	STATE	664.438	665.750	1.312	C:/lab/Social Memory/13_nov_p1_converted.mp4	10631	10652				
13_nov_p1	2024-09-24 11:39:07.053		Media file	player #1:C:/lab/Social Memory/13_nov_p1_converted.mp4	0.0	1625.937	2194.125	16.000	subject	279.738	anogenital sniffing	Not defined	STATE	664.562	664.875	0.313	C:/lab/Social Memory/13_nov_p1_converted.mp4	10633	10638				
13_nov_p1	2024-09-24 11:39:07.053		Media file	player #1:C:/lab/Social Memory/13_nov_p1_converted.mp4	0.0	1625.937	2194.125	16.000	subject	279.738	facial sniffing	Not defined	STATE	666.562	667.062	0.500	C:/lab/Social Memory/13_nov_p1_converted.mp4	10665	10673				
13_nov_p1	2024-09-24 11:39:07.053		Media file	player #1:C:/lab/Social Memory/13_nov_p1_converted.mp4	0.0	1625.937	2194.125	16.000	subject	279.738	anogenital sniffing	Not defined	STATE	667.250	669.375	2.125	C:/lab/Social Memory/13_nov_p1_converted.mp4	10676	10710				
13_nov_p1	2024-09-24 11:39:07.053		Media file	player #1:C:/lab/Social Memory/13_nov_p1_converted.mp4	0.0	1625.937	2194.125	16.000	subject	279.738	anogenital sniffing	Not defined	STATE	671.188	672.188	1.000	C:/lab/Social Memory/13_nov_p1_converted.mp4	10739	10755				
13_nov_p1	2024-09-24 11:39:07.053		Media file	player #1:C:/lab/Social Memory/13_nov_p1_converted.mp4	0.0	1625.937	2194.125	16.000	subject	279.738	facial sniffing	Not defined	STATE	672.875	673.250	0.375	C:/lab/Social Memory/13_nov_p1_converted.mp4	10766	10772				
13_nov_p1	2024-09-24 11:39:07.053		Media file	player #1:C:/lab/Social Memory/13_nov_p1_converted.mp4	0.0	1625.937	2194.125	16.000	subject	279.738	anogenital sniffing	Not defined	STATE	674.000	674.250	0.250	C:/lab/Social Memory/13_nov_p1_converted.mp4	10784	10788				
13_nov_p1	2024-09-24 11:39:07.053		Media file	player #1:C:/lab/Social Memory/13_nov_p1_converted.mp4	0.0	1625.937	2194.125	16.000	subject	279.738	anogenital sniffing	Not defined	STATE	677.438	684.125	6.687	C:/lab/Social Memory/13_nov_p1_converted.mp4	10839	10946				
13_nov_p1	2024-09-24 11:39:07.053		Media file	player #1:C:/lab/Social Memory/13_nov_p1_converted.mp4	0.0	1625.937	2194.125	16.000	subject	279.738	anogenital sniffing	Not defined	STATE	686.000	686.625	0.625	C:/lab/Social Memory/13_nov_p1_converted.mp4	10976	10986				
13_nov_p1	2024-09-24 11:39:07.053		Media file	player #1:C:/lab/Social Memory/13_nov_p1_converted.mp4	0.0	1625.937	2194.125	16.000	subject	279.738	anogenital sniffing	Not defined	STATE	687.500	689.312	1.812	C:/lab/Social Memory/13_nov_p1_converted.mp4	11000	11029				
13_nov_p1	2024-09-24 11:39:07.053		Media file	player #1:C:/lab/Social Memory/13_nov_p1_converted.mp4	0.0	1625.937	2194.125	16.000	subject	279.738	anogenital sniffing	Not defined	STATE	692.125	692.500	0.375	C:/lab/Social Memory/13_nov_p1_converted.mp4	11074	11080				
13_nov_p1	2024-09-24 11:39:07.053		Media file	player #1:C:/lab/Social Memory/13_nov_p1_converted.mp4	0.0	1625.937	2194.125	16.000	subject	279.738	facial sniffing	Not defined	STATE	692.625	693.062	0.437	C:/lab/Social Memory/13_nov_p1_converted.mp4	11082	11089				
13_nov_p1	2024-09-24 11:39:07.053		Media file	player #1:C:/lab/Social Memory/13_nov_p1_converted.mp4	0.0	1625.937	2194.125	16.000	subject	279.738	anogenital sniffing	Not defined	STATE	693.312	696.250	2.938	C:/lab/Social Memory/13_nov_p1_converted.mp4	11093	11140				
13_nov_p1	2024-09-24 11:39:07.053		Media file	player #1:C:/lab/Social Memory/13_nov_p1_converted.mp4	0.0	1625.937	2194.125	16.000	subject	279.738	anogenital sniffing	Not defined	STATE	697.062	698.188	1.126	C:/lab/Social Memory/13_nov_p1_converted.mp4	11153	11171				
13_nov_p1	2024-09-24 11:39:07.053		Media file	player #1:C:/lab/Social Memory/13_nov_p1_converted.mp4	0.0	1625.937	2194.125	16.000	subject	279.738	facial sniffing	Not defined	STATE	698.500	699.812	1.312	C:/lab/Social Memory/13_nov_p1_converted.mp4	11176	11197				
13_nov_p1	2024-09-24 11:39:07.053		Media file	player #1:C:/lab/Social Memory/13_nov_p1_converted.mp4	0.0	1625.937	2194.125	16.000	subject	279.738	anogenital sniffing	Not defined	STATE	706.188	707.250	1.062	C:/lab/Social Memory/13_nov_p1_converted.mp4	11299	11316				
13_nov_p1	2024-09-24 11:39:07.053		Media file	player #1:C:/lab/Social Memory/13_nov_p1_converted.mp4	0.0	1625.937	2194.125	16.000	social_agent	118.367	anogenital sniffing	Not defined	STATE	719.375	720.438	1.063	C:/lab/Social Memory/13_nov_p1_converted.mp4	11510	11527				
13_nov_p1	2024-09-24 11:39:07.053		Media file	player #1:C:/lab/Social Memory/13_nov_p1_converted.mp4	0.0	1625.937	2194.125	16.000	subject	279.738	facial sniffing	Not defined	STATE	723.250	723.875	0.625	C:/lab/Social Memory/13_nov_p1_converted.mp4	11572	11582				
13_nov_p1	2024-09-24 11:39:07.053		Media file	player #1:C:/lab/Social Memory/13_nov_p1_converted.mp4	0.0	1625.937	2194.125	16.000	subject	279.738	anogenital sniffing	Not defined	STATE	724.500	726.938	2.438	C:/lab/Social Memory/13_nov_p1_converted.mp4	11592	11631				
13_nov_p1	2024-09-24 11:39:07.053		Media file	player #1:C:/lab/Social Memory/13_nov_p1_converted.mp4	0.0	1625.937	2194.125	16.000	subject	279.738	anogenital sniffing	Not defined	STATE	729.938	730.875	0.937	C:/lab/Social Memory/13_nov_p1_converted.mp4	11679	11694				
13_nov_p1	2024-09-24 11:39:07.053		Media file	player #1:C:/lab/Social Memory/13_nov_p1_converted.mp4	0.0	1625.937	2194.125	16.000	subject	279.738	anogenital sniffing	Not defined	STATE	731.000	731.188	0.188	C:/lab/Social Memory/13_nov_p1_converted.mp4	11696	11699				
13_nov_p1	2024-09-24 11:39:07.053		Media file	player #1:C:/lab/Social Memory/13_nov_p1_converted.mp4	0.0	1625.937	2194.125	16.000	subject	279.738	facial sniffing	Not defined	STATE	735.062	739.625	4.563	C:/lab/Social Memory/13_nov_p1_converted.mp4	11761	11834				
13_nov_p1	2024-09-24 11:39:07.053		Media file	player #1:C:/lab/Social Memory/13_nov_p1_converted.mp4	0.0	1625.937	2194.125	16.000	social_agent	118.367	facial sniffing	Not defined	STATE	735.312	735.688	0.376	C:/lab/Social Memory/13_nov_p1_converted.mp4	11765	11771				
13_nov_p1	2024-09-24 11:39:07.053		Media file	player #1:C:/lab/Social Memory/13_nov_p1_converted.mp4	0.0	1625.937	2194.125	16.000	subject	279.738	facial sniffing	Not defined	STATE	741.438	742.562	1.124	C:/lab/Social Memory/13_nov_p1_converted.mp4	11863	11881				
13_nov_p1	2024-09-24 11:39:07.053		Media file	player #1:C:/lab/Social Memory/13_nov_p1_converted.mp4	0.0	1625.937	2194.125	16.000	subject	279.738	anogenital sniffing	Not defined	STATE	748.500	749.250	0.750	C:/lab/Social Memory/13_nov_p1_converted.mp4	11976	11988				
13_nov_p1	2024-09-24 11:39:07.053		Media file	player #1:C:/lab/Social Memory/13_nov_p1_converted.mp4	0.0	1625.937	2194.125	16.000	subject	279.738	facial sniffing	Not defined	STATE	749.625	750.812	1.187	C:/lab/Social Memory/13_nov_p1_converted.mp4	11994	12013				
13_nov_p1	2024-09-24 11:39:07.053		Media file	player #1:C:/lab/Social Memory/13_nov_p1_converted.mp4	0.0	1625.937	2194.125	16.000	subject	279.738	anogenital sniffing	Not defined	STATE	751.562	752.938	1.376	C:/lab/Social Memory/13_nov_p1_converted.mp4	12025	12047				
13_nov_p1	2024-09-24 11:39:07.053		Media file	player #1:C:/lab/Social Memory/13_nov_p1_converted.mp4	0.0	1625.937	2194.125	16.000	subject	279.738	facial sniffing	Not defined	STATE	755.062	755.438	0.376	C:/lab/Social Memory/13_nov_p1_converted.mp4	12081	12087				
13_nov_p1	2024-09-24 11:39:07.053		Media file	player #1:C:/lab/Social Memory/13_nov_p1_converted.mp4	0.0	1625.937	2194.125	16.000	subject	279.738	anogenital sniffing	Not defined	STATE	755.688	756.250	0.562	C:/lab/Social Memory/13_nov_p1_converted.mp4	12091	12100				
13_nov_p1	2024-09-24 11:39:07.053		Media file	player #1:C:/lab/Social Memory/13_nov_p1_converted.mp4	0.0	1625.937	2194.125	16.000	subject	279.738	facial sniffing	Not defined	STATE	756.562	756.938	0.376	C:/lab/Social Memory/13_nov_p1_converted.mp4	12105	12111				
13_nov_p1	2024-09-24 11:39:07.053		Media file	player #1:C:/lab/Social Memory/13_nov_p1_converted.mp4	0.0	1625.937	2194.125	16.000	subject	279.738	anogenital sniffing	Not defined	STATE	759.750	761.250	1.500	C:/lab/Social Memory/13_nov_p1_converted.mp4	12156	12180				
13_nov_p1	2024-09-24 11:39:07.053		Media file	player #1:C:/lab/Social Memory/13_nov_p1_converted.mp4	0.0	1625.937	2194.125	16.000	subject	279.738	anogenital sniffing	Not defined	STATE	761.625	763.438	1.813	C:/lab/Social Memory/13_nov_p1_converted.mp4	12186	12215				
13_nov_p1	2024-09-24 11:39:07.053		Media file	player #1:C:/lab/Social Memory/13_nov_p1_converted.mp4	0.0	1625.937	2194.125	16.000	subject	279.738	facial sniffing	Not defined	STATE	769.625	770.000	0.375	C:/lab/Social Memory/13_nov_p1_converted.mp4	12314	12320				
13_nov_p1	2024-09-24 11:39:07.053		Media file	player #1:C:/lab/Social Memory/13_nov_p1_converted.mp4	0.0	1625.937	2194.125	16.000	social_agent	118.367	facial sniffing	Not defined	STATE	769.688	770.000	0.312	C:/lab/Social Memory/13_nov_p1_converted.mp4	12315	12320				
13_nov_p1	2024-09-24 11:39:07.053		Media file	player #1:C:/lab/Social Memory/13_nov_p1_converted.mp4	0.0	1625.937	2194.125	16.000	subject	279.738	anogenital sniffing	Not defined	STATE	770.688	771.250	0.562	C:/lab/Social Memory/13_nov_p1_converted.mp4	12331	12340				
13_nov_p1	2024-09-24 11:39:07.053		Media file	player #1:C:/lab/Social Memory/13_nov_p1_converted.mp4	0.0	1625.937	2194.125	16.000	subject	279.738	anogenital sniffing	Not defined	STATE	772.688	773.062	0.374	C:/lab/Social Memory/13_nov_p1_converted.mp4	12363	12369				
13_nov_p1	2024-09-24 11:39:07.053		Media file	player #1:C:/lab/Social Memory/13_nov_p1_converted.mp4	0.0	1625.937	2194.125	16.000	subject	279.738	facial sniffing	Not defined	STATE	777.000	778.250	1.250	C:/lab/Social Memory/13_nov_p1_converted.mp4	12432	12452				
13_nov_p1	2024-09-24 11:39:07.053		Media file	player #1:C:/lab/Social Memory/13_nov_p1_converted.mp4	0.0	1625.937	2194.125	16.000	social_agent	118.367	facial sniffing	Not defined	STATE	778.125	778.562	0.437	C:/lab/Social Memory/13_nov_p1_converted.mp4	12450	12457				
13_nov_p1	2024-09-24 11:39:07.053		Media file	player #1:C:/lab/Social Memory/13_nov_p1_converted.mp4	0.0	1625.937	2194.125	16.000	social_agent	118.367	facial sniffing	Not defined	STATE	779.125	779.500	0.375	C:/lab/Social Memory/13_nov_p1_converted.mp4	12466	12472				
13_nov_p1	2024-09-24 11:39:07.053		Media file	player #1:C:/lab/Social Memory/13_nov_p1_converted.mp4	0.0	1625.937	2194.125	16.000	subject	279.738	anogenital sniffing	Not defined	STATE	779.688	780.062	0.374	C:/lab/Social Memory/13_nov_p1_converted.mp4	12475	12481				
13_nov_p1	2024-09-24 11:39:07.053		Media file	player #1:C:/lab/Social Memory/13_nov_p1_converted.mp4	0.0	1625.937	2194.125	16.000	social_agent	118.367	anogenital sniffing	Not defined	STATE	811.125	811.562	0.437	C:/lab/Social Memory/13_nov_p1_converted.mp4	12979	12985				
13_nov_p1	2024-09-24 11:39:07.053		Media file	player #1:C:/lab/Social Memory/13_nov_p1_converted.mp4	0.0	1625.937	2194.125	16.000	social_agent	118.367	facial sniffing	Not defined	STATE	811.875	813.312	1.437	C:/lab/Social Memory/13_nov_p1_converted.mp4	12990	13013				
13_nov_p1	2024-09-24 11:39:07.053		Media file	player #1:C:/lab/Social Memory/13_nov_p1_converted.mp4	0.0	1625.937	2194.125	16.000	social_agent	118.367	anogenital sniffing	Not defined	STATE	814.125	815.125	1.000	C:/lab/Social Memory/13_nov_p1_converted.mp4	13026	13043				
13_nov_p1	2024-09-24 11:39:07.053		Media file	player #1:C:/lab/Social Memory/13_nov_p1_converted.mp4	0.0	1625.937	2194.125	16.000	social_agent	118.367	anogenital sniffing	Not defined	STATE	815.938	816.688	0.750	C:/lab/Social Memory/13_nov_p1_converted.mp4	13055	13067				
13_nov_p1	2024-09-24 11:39:07.053		Media file	player #1:C:/lab/Social Memory/13_nov_p1_converted.mp4	0.0	1625.937	2194.125	16.000	subject	279.738	facial sniffing	Not defined	STATE	835.750	836.125	0.375	C:/lab/Social Memory/13_nov_p1_converted.mp4	13372	13378				
13_nov_p1	2024-09-24 11:39:07.053		Media file	player #1:C:/lab/Social Memory/13_nov_p1_converted.mp4	0.0	1625.937	2194.125	16.000	social_agent	118.367	mice taken out	Not defined	POINT	845.812	845.812	NA	C:/lab/Social Memory/13_nov_p1_converted.mp4	13533	13533				
13_nov_p1	2024-09-24 11:39:07.053		Media file	player #1:C:/lab/Social Memory/13_nov_p1_converted.mp4	0.0	1625.937	2194.125	16.000	social_agent	118.367	mice back in	Not defined	POINT	901.938	901.938	NA	C:/lab/Social Memory/13_nov_p1_converted.mp4	14431	14431				
13_nov_p1	2024-09-24 11:39:07.053		Media file	player #1:C:/lab/Social Memory/13_nov_p1_converted.mp4	0.0	1625.937	2194.125	16.000	subject	279.738	facial sniffing	Not defined	STATE	904.062	904.562	0.500	C:/lab/Social Memory/13_nov_p1_converted.mp4	14465	14473				
13_nov_p1	2024-09-24 11:39:07.053		Media file	player #1:C:/lab/Social Memory/13_nov_p1_converted.mp4	0.0	1625.937	2194.125	16.000	subject	279.738	anogenital sniffing	Not defined	STATE	905.500	906.125	0.625	C:/lab/Social Memory/13_nov_p1_converted.mp4	14488	14498				
13_nov_p1	2024-09-24 11:39:07.053		Media file	player #1:C:/lab/Social Memory/13_nov_p1_converted.mp4	0.0	1625.937	2194.125	16.000	subject	279.738	anogenital sniffing	Not defined	STATE	906.438	907.375	0.937	C:/lab/Social Memory/13_nov_p1_converted.mp4	14503	14518				
13_nov_p1	2024-09-24 11:39:07.053		Media file	player #1:C:/lab/Social Memory/13_nov_p1_converted.mp4	0.0	1625.937	2194.125	16.000	subject	279.738	anogenital sniffing	Not defined	STATE	908.250	908.312	0.062	C:/lab/Social Memory/13_nov_p1_converted.mp4	14532	14533				
13_nov_p1	2024-09-24 11:39:07.053		Media file	player #1:C:/lab/Social Memory/13_nov_p1_converted.mp4	0.0	1625.937	2194.125	16.000	subject	279.738	anogenital sniffing	Not defined	STATE	909.000	911.438	2.438	C:/lab/Social Memory/13_nov_p1_converted.mp4	14544	14583				
13_nov_p1	2024-09-24 11:39:07.053		Media file	player #1:C:/lab/Social Memory/13_nov_p1_converted.mp4	0.0	1625.937	2194.125	16.000	social_agent	118.367	anogenital sniffing	Not defined	STATE	912.312	913.062	0.750	C:/lab/Social Memory/13_nov_p1_converted.mp4	14597	14609				
13_nov_p1	2024-09-24 11:39:07.053		Media file	player #1:C:/lab/Social Memory/13_nov_p1_converted.mp4	0.0	1625.937	2194.125	16.000	subject	279.738	anogenital sniffing	Not defined	STATE	913.312	914.438	1.126	C:/lab/Social Memory/13_nov_p1_converted.mp4	14613	14631				
13_nov_p1	2024-09-24 11:39:07.053		Media file	player #1:C:/lab/Social Memory/13_nov_p1_converted.mp4	0.0	1625.937	2194.125	16.000	subject	279.738	anogenital sniffing	Not defined	STATE	914.750	916.625	1.875	C:/lab/Social Memory/13_nov_p1_converted.mp4	14636	14666				
13_nov_p1	2024-09-24 11:39:07.053		Media file	player #1:C:/lab/Social Memory/13_nov_p1_converted.mp4	0.0	1625.937	2194.125	16.000	subject	279.738	anogenital sniffing	Not defined	STATE	916.938	917.250	0.312	C:/lab/Social Memory/13_nov_p1_converted.mp4	14671	14676				
13_nov_p1	2024-09-24 11:39:07.053		Media file	player #1:C:/lab/Social Memory/13_nov_p1_converted.mp4	0.0	1625.937	2194.125	16.000	subject	279.738	anogenital sniffing	Not defined	STATE	922.125	924.562	2.437	C:/lab/Social Memory/13_nov_p1_converted.mp4	14754	14793				
13_nov_p1	2024-09-24 11:39:07.053		Media file	player #1:C:/lab/Social Memory/13_nov_p1_converted.mp4	0.0	1625.937	2194.125	16.000	subject	279.738	facial sniffing	Not defined	STATE	927.875	928.375	0.500	C:/lab/Social Memory/13_nov_p1_converted.mp4	14846	14854				
13_nov_p1	2024-09-24 11:39:07.053		Media file	player #1:C:/lab/Social Memory/13_nov_p1_converted.mp4	0.0	1625.937	2194.125	16.000	subject	279.738	anogenital sniffing	Not defined	STATE	928.438	929.000	0.562	C:/lab/Social Memory/13_nov_p1_converted.mp4	14855	14864				
13_nov_p1	2024-09-24 11:39:07.053		Media file	player #1:C:/lab/Social Memory/13_nov_p1_converted.mp4	0.0	1625.937	2194.125	16.000	subject	279.738	anogenital sniffing	Not defined	STATE	929.250	929.500	0.250	C:/lab/Social Memory/13_nov_p1_converted.mp4	14868	14872				
13_nov_p1	2024-09-24 11:39:07.053		Media file	player #1:C:/lab/Social Memory/13_nov_p1_converted.mp4	0.0	1625.937	2194.125	16.000	subject	279.738	anogenital sniffing	Not defined	STATE	929.688	930.125	0.437	C:/lab/Social Memory/13_nov_p1_converted.mp4	14875	14882				
13_nov_p1	2024-09-24 11:39:07.053		Media file	player #1:C:/lab/Social Memory/13_nov_p1_converted.mp4	0.0	1625.937	2194.125	16.000	subject	279.738	anogenital sniffing	Not defined	STATE	931.000	931.125	0.125	C:/lab/Social Memory/13_nov_p1_converted.mp4	14896	14898				
13_nov_p1	2024-09-24 11:39:07.053		Media file	player #1:C:/lab/Social Memory/13_nov_p1_converted.mp4	0.0	1625.937	2194.125	16.000	subject	279.738	anogenital sniffing	Not defined	STATE	931.312	932.062	0.750	C:/lab/Social Memory/13_nov_p1_converted.mp4	14901	14913				
13_nov_p1	2024-09-24 11:39:07.053		Media file	player #1:C:/lab/Social Memory/13_nov_p1_converted.mp4	0.0	1625.937	2194.125	16.000	subject	279.738	anogenital sniffing	Not defined	STATE	932.438	932.562	0.124	C:/lab/Social Memory/13_nov_p1_converted.mp4	14919	14921				
13_nov_p1	2024-09-24 11:39:07.053		Media file	player #1:C:/lab/Social Memory/13_nov_p1_converted.mp4	0.0	1625.937	2194.125	16.000	subject	279.738	anogenital sniffing	Not defined	STATE	933.188	934.250	1.062	C:/lab/Social Memory/13_nov_p1_converted.mp4	14931	14948				
13_nov_p1	2024-09-24 11:39:07.053		Media file	player #1:C:/lab/Social Memory/13_nov_p1_converted.mp4	0.0	1625.937	2194.125	16.000	subject	279.738	anogenital sniffing	Not defined	STATE	941.000	942.562	1.562	C:/lab/Social Memory/13_nov_p1_converted.mp4	15056	15081				
13_nov_p1	2024-09-24 11:39:07.053		Media file	player #1:C:/lab/Social Memory/13_nov_p1_converted.mp4	0.0	1625.937	2194.125	16.000	subject	279.738	anogenital sniffing	Not defined	STATE	943.000	943.938	0.938	C:/lab/Social Memory/13_nov_p1_converted.mp4	15088	15103				
13_nov_p1	2024-09-24 11:39:07.053		Media file	player #1:C:/lab/Social Memory/13_nov_p1_converted.mp4	0.0	1625.937	2194.125	16.000	subject	279.738	anogenital sniffing	Not defined	STATE	944.500	944.938	0.438	C:/lab/Social Memory/13_nov_p1_converted.mp4	15112	15119				
13_nov_p1	2024-09-24 11:39:07.053		Media file	player #1:C:/lab/Social Memory/13_nov_p1_converted.mp4	0.0	1625.937	2194.125	16.000	subject	279.738	facial sniffing	Not defined	STATE	945.062	946.250	1.188	C:/lab/Social Memory/13_nov_p1_converted.mp4	15121	15140				
13_nov_p1	2024-09-24 11:39:07.053		Media file	player #1:C:/lab/Social Memory/13_nov_p1_converted.mp4	0.0	1625.937	2194.125	16.000	social_agent	118.367	facial sniffing	Not defined	STATE	945.438	946.312	0.874	C:/lab/Social Memory/13_nov_p1_converted.mp4	15127	15141				
13_nov_p1	2024-09-24 11:39:07.053		Media file	player #1:C:/lab/Social Memory/13_nov_p1_converted.mp4	0.0	1625.937	2194.125	16.000	subject	279.738	anogenital sniffing	Not defined	STATE	947.562	949.125	1.563	C:/lab/Social Memory/13_nov_p1_converted.mp4	15161	15186				
13_nov_p1	2024-09-24 11:39:07.053		Media file	player #1:C:/lab/Social Memory/13_nov_p1_converted.mp4	0.0	1625.937	2194.125	16.000	subject	279.738	facial sniffing	Not defined	STATE	949.688	951.562	1.874	C:/lab/Social Memory/13_nov_p1_converted.mp4	15195	15225				
13_nov_p1	2024-09-24 11:39:07.053		Media file	player #1:C:/lab/Social Memory/13_nov_p1_converted.mp4	0.0	1625.937	2194.125	16.000	social_agent	118.367	anogenital sniffing	Not defined	STATE	952.312	953.375	1.063	C:/lab/Social Memory/13_nov_p1_converted.mp4	15237	15254				
13_nov_p1	2024-09-24 11:39:07.053		Media file	player #1:C:/lab/Social Memory/13_nov_p1_converted.mp4	0.0	1625.937	2194.125	16.000	social_agent	118.367	facial sniffing	Not defined	STATE	954.062	954.438	0.376	C:/lab/Social Memory/13_nov_p1_converted.mp4	15265	15271				
13_nov_p1	2024-09-24 11:39:07.053		Media file	player #1:C:/lab/Social Memory/13_nov_p1_converted.mp4	0.0	1625.937	2194.125	16.000	subject	279.738	anogenital sniffing	Not defined	STATE	954.812	957.812	3.000	C:/lab/Social Memory/13_nov_p1_converted.mp4	15277	15325				
13_nov_p1	2024-09-24 11:39:07.053		Media file	player #1:C:/lab/Social Memory/13_nov_p1_converted.mp4	0.0	1625.937	2194.125	16.000	subject	279.738	anogenital sniffing	Not defined	STATE	960.000	960.250	0.250	C:/lab/Social Memory/13_nov_p1_converted.mp4	15360	15364				
13_nov_p1	2024-09-24 11:39:07.053		Media file	player #1:C:/lab/Social Memory/13_nov_p1_converted.mp4	0.0	1625.937	2194.125	16.000	subject	279.738	facial sniffing	Not defined	STATE	960.438	960.562	0.124	C:/lab/Social Memory/13_nov_p1_converted.mp4	15367	15369				
13_nov_p1	2024-09-24 11:39:07.053		Media file	player #1:C:/lab/Social Memory/13_nov_p1_converted.mp4	0.0	1625.937	2194.125	16.000	subject	279.738	facial sniffing	Not defined	STATE	974.500	974.750	0.250	C:/lab/Social Memory/13_nov_p1_converted.mp4	15592	15596				
13_nov_p1	2024-09-24 11:39:07.053		Media file	player #1:C:/lab/Social Memory/13_nov_p1_converted.mp4	0.0	1625.937	2194.125	16.000	subject	279.738	anogenital sniffing	Not defined	STATE	975.000	975.562	0.562	C:/lab/Social Memory/13_nov_p1_converted.mp4	15600	15609				
13_nov_p1	2024-09-24 11:39:07.053		Media file	player #1:C:/lab/Social Memory/13_nov_p1_converted.mp4	0.0	1625.937	2194.125	16.000	subject	279.738	facial sniffing	Not defined	STATE	983.188	983.500	0.312	C:/lab/Social Memory/13_nov_p1_converted.mp4	15731	15736				
13_nov_p1	2024-09-24 11:39:07.053		Media file	player #1:C:/lab/Social Memory/13_nov_p1_converted.mp4	0.0	1625.937	2194.125	16.000	social_agent	118.367	facial sniffing	Not defined	STATE	983.188	983.625	0.437	C:/lab/Social Memory/13_nov_p1_converted.mp4	15731	15738				
13_nov_p1	2024-09-24 11:39:07.053		Media file	player #1:C:/lab/Social Memory/13_nov_p1_converted.mp4	0.0	1625.937	2194.125	16.000	subject	279.738	facial sniffing	Not defined	STATE	990.875	991.438	0.563	C:/lab/Social Memory/13_nov_p1_converted.mp4	15854	15863				
13_nov_p1	2024-09-24 11:39:07.053		Media file	player #1:C:/lab/Social Memory/13_nov_p1_converted.mp4	0.0	1625.937	2194.125	16.000	social_agent	118.367	facial sniffing	Not defined	STATE	990.938	991.438	0.500	C:/lab/Social Memory/13_nov_p1_converted.mp4	15855	15863				
13_nov_p1	2024-09-24 11:39:07.053		Media file	player #1:C:/lab/Social Memory/13_nov_p1_converted.mp4	0.0	1625.937	2194.125	16.000	subject	279.738	anogenital sniffing	Not defined	STATE	991.625	992.562	0.937	C:/lab/Social Memory/13_nov_p1_converted.mp4	15866	15881				
13_nov_p1	2024-09-24 11:39:07.053		Media file	player #1:C:/lab/Social Memory/13_nov_p1_converted.mp4	0.0	1625.937	2194.125	16.000	subject	279.738	facial sniffing	Not defined	STATE	1000.688	1001.188	0.500	C:/lab/Social Memory/13_nov_p1_converted.mp4	16011	16019				
13_nov_p1	2024-09-24 11:39:07.053		Media file	player #1:C:/lab/Social Memory/13_nov_p1_converted.mp4	0.0	1625.937	2194.125	16.000	social_agent	118.367	anogenital sniffing	Not defined	STATE	1001.062	1001.812	0.750	C:/lab/Social Memory/13_nov_p1_converted.mp4	16017	16029				
13_nov_p1	2024-09-24 11:39:07.053		Media file	player #1:C:/lab/Social Memory/13_nov_p1_converted.mp4	0.0	1625.937	2194.125	16.000	social_agent	118.367	anogenital sniffing	Not defined	STATE	1002.438	1004.062	1.624	C:/lab/Social Memory/13_nov_p1_converted.mp4	16039	16065				
13_nov_p1	2024-09-24 11:39:07.053		Media file	player #1:C:/lab/Social Memory/13_nov_p1_converted.mp4	0.0	1625.937	2194.125	16.000	social_agent	118.367	facial sniffing	Not defined	STATE	1031.438	1032.688	1.250	C:/lab/Social Memory/13_nov_p1_converted.mp4	16503	16523				
13_nov_p1	2024-09-24 11:39:07.053		Media file	player #1:C:/lab/Social Memory/13_nov_p1_converted.mp4	0.0	1625.937	2194.125	16.000	social_agent	118.367	facial sniffing	Not defined	STATE	1035.500	1036.875	1.375	C:/lab/Social Memory/13_nov_p1_converted.mp4	16568	16590				
13_nov_p1	2024-09-24 11:39:07.053		Media file	player #1:C:/lab/Social Memory/13_nov_p1_converted.mp4	0.0	1625.937	2194.125	16.000	social_agent	118.367	facial sniffing	Not defined	STATE	1056.875	1057.562	0.687	C:/lab/Social Memory/13_nov_p1_converted.mp4	16910	16921				
13_nov_p1	2024-09-24 11:39:07.053		Media file	player #1:C:/lab/Social Memory/13_nov_p1_converted.mp4	0.0	1625.937	2194.125	16.000	subject	279.738	anogenital sniffing	Not defined	STATE	1061.750	1062.312	0.562	C:/lab/Social Memory/13_nov_p1_converted.mp4	16988	16997				
13_nov_p1	2024-09-24 11:39:07.053		Media file	player #1:C:/lab/Social Memory/13_nov_p1_converted.mp4	0.0	1625.937	2194.125	16.000	subject	279.738	anogenital sniffing	Not defined	STATE	1066.062	1066.750	0.688	C:/lab/Social Memory/13_nov_p1_converted.mp4	17057	17068				
13_nov_p1	2024-09-24 11:39:07.053		Media file	player #1:C:/lab/Social Memory/13_nov_p1_converted.mp4	0.0	1625.937	2194.125	16.000	subject	279.738	facial sniffing	Not defined	STATE	1067.125	1067.625	0.500	C:/lab/Social Memory/13_nov_p1_converted.mp4	17074	17082				
13_nov_p1	2024-09-24 11:39:07.053		Media file	player #1:C:/lab/Social Memory/13_nov_p1_converted.mp4	0.0	1625.937	2194.125	16.000	social_agent	118.367	anogenital sniffing	Not defined	STATE	1087.500	1088.312	0.812	C:/lab/Social Memory/13_nov_p1_converted.mp4	17400	17413				
13_nov_p1	2024-09-24 11:39:07.053		Media file	player #1:C:/lab/Social Memory/13_nov_p1_converted.mp4	0.0	1625.937	2194.125	16.000	social_agent	118.367	facial sniffing	Not defined	STATE	1089.188	1089.688	0.500	C:/lab/Social Memory/13_nov_p1_converted.mp4	17427	17435				
13_nov_p1	2024-09-24 11:39:07.053		Media file	player #1:C:/lab/Social Memory/13_nov_p1_converted.mp4	0.0	1625.937	2194.125	16.000	social_agent	118.367	facial sniffing	Not defined	STATE	1093.938	1094.250	0.312	C:/lab/Social Memory/13_nov_p1_converted.mp4	17503	17508				
13_nov_p1	2024-09-24 11:39:07.053		Media file	player #1:C:/lab/Social Memory/13_nov_p1_converted.mp4	0.0	1625.937	2194.125	16.000	social_agent	118.367	anogenital sniffing	Not defined	STATE	1101.562	1102.000	0.438	C:/lab/Social Memory/13_nov_p1_converted.mp4	17625	17632				
13_nov_p1	2024-09-24 11:39:07.053		Media file	player #1:C:/lab/Social Memory/13_nov_p1_converted.mp4	0.0	1625.937	2194.125	16.000	social_agent	118.367	facial sniffing	Not defined	STATE	1102.875	1104.188	1.313	C:/lab/Social Memory/13_nov_p1_converted.mp4	17646	17667				
13_nov_p1	2024-09-24 11:39:07.053		Media file	player #1:C:/lab/Social Memory/13_nov_p1_converted.mp4	0.0	1625.937	2194.125	16.000	social_agent	118.367	anogenital sniffing	Not defined	STATE	1118.062	1120.000	1.938	C:/lab/Social Memory/13_nov_p1_converted.mp4	17889	17920				
13_nov_p1	2024-09-24 11:39:07.053		Media file	player #1:C:/lab/Social Memory/13_nov_p1_converted.mp4	0.0	1625.937	2194.125	16.000	social_agent	118.367	facial sniffing	Not defined	STATE	1121.000	1121.312	0.312	C:/lab/Social Memory/13_nov_p1_converted.mp4	17936	17941				
13_nov_p1	2024-09-24 11:39:07.053		Media file	player #1:C:/lab/Social Memory/13_nov_p1_converted.mp4	0.0	1625.937	2194.125	16.000	social_agent	118.367	anogenital sniffing	Not defined	STATE	1129.375	1130.000	0.625	C:/lab/Social Memory/13_nov_p1_converted.mp4	18070	18080				
13_nov_p1	2024-09-24 11:39:07.053		Media file	player #1:C:/lab/Social Memory/13_nov_p1_converted.mp4	0.0	1625.937	2194.125	16.000	subject	279.738	facial sniffing	Not defined	STATE	1131.750	1132.250	0.500	C:/lab/Social Memory/13_nov_p1_converted.mp4	18108	18116				
13_nov_p1	2024-09-24 11:39:07.053		Media file	player #1:C:/lab/Social Memory/13_nov_p1_converted.mp4	0.0	1625.937	2194.125	16.000	social_agent	118.367	facial sniffing	Not defined	STATE	1132.125	1134.000	1.875	C:/lab/Social Memory/13_nov_p1_converted.mp4	18114	18144				
13_nov_p1	2024-09-24 11:39:07.053		Media file	player #1:C:/lab/Social Memory/13_nov_p1_converted.mp4	0.0	1625.937	2194.125	16.000	subject	279.738	facial sniffing	Not defined	STATE	1133.438	1134.000	0.562	C:/lab/Social Memory/13_nov_p1_converted.mp4	18135	18144				
13_nov_p1	2024-09-24 11:39:07.053		Media file	player #1:C:/lab/Social Memory/13_nov_p1_converted.mp4	0.0	1625.937	2194.125	16.000	social_agent	118.367	facial sniffing	Not defined	STATE	1137.188	1137.625	0.437	C:/lab/Social Memory/13_nov_p1_converted.mp4	18195	18202				
13_nov_p1	2024-09-24 11:39:07.053		Media file	player #1:C:/lab/Social Memory/13_nov_p1_converted.mp4	0.0	1625.937	2194.125	16.000	subject	279.738	anogenital sniffing	Not defined	STATE	1140.812	1141.438	0.626	C:/lab/Social Memory/13_nov_p1_converted.mp4	18253	18263				
13_nov_p1	2024-09-24 11:39:07.053		Media file	player #1:C:/lab/Social Memory/13_nov_p1_converted.mp4	0.0	1625.937	2194.125	16.000	social_agent	118.367	anogenital sniffing	Not defined	STATE	1150.000	1150.750	0.750	C:/lab/Social Memory/13_nov_p1_converted.mp4	18400	18413				
13_nov_p1	2024-09-24 11:39:07.053		Media file	player #1:C:/lab/Social Memory/13_nov_p1_converted.mp4	0.0	1625.937	2194.125	16.000	subject	279.738	anogenital sniffing	Not defined	STATE	1151.688	1152.188	0.500	C:/lab/Social Memory/13_nov_p1_converted.mp4	18427	18435				
13_nov_p1	2024-09-24 11:39:07.053		Media file	player #1:C:/lab/Social Memory/13_nov_p1_converted.mp4	0.0	1625.937	2194.125	16.000	social_agent	118.367	anogenital sniffing	Not defined	STATE	1178.562	1179.750	1.188	C:/lab/Social Memory/13_nov_p1_converted.mp4	18857	18876				
13_nov_p1	2024-09-24 11:39:07.053		Media file	player #1:C:/lab/Social Memory/13_nov_p1_converted.mp4	0.0	1625.937	2194.125	16.000	social_agent	118.367	mice taken out	Not defined	POINT	1182.312	1182.312	NA	C:/lab/Social Memory/13_nov_p1_converted.mp4	18917	18917				
13_nov_p1	2024-09-24 11:39:07.053		Media file	player #1:C:/lab/Social Memory/13_nov_p1_converted.mp4	0.0	1625.937	2194.125	16.000	social_agent	118.367	mice back in	Not defined	POINT	1241.625	1241.625	NA	C:/lab/Social Memory/13_nov_p1_converted.mp4	19866	19866				
13_nov_p1	2024-09-24 11:39:07.053		Media file	player #1:C:/lab/Social Memory/13_nov_p1_converted.mp4	0.0	1625.937	2194.125	16.000	subject	279.738	facial sniffing	Not defined	STATE	1252.688	1253.250	0.562	C:/lab/Social Memory/13_nov_p1_converted.mp4	20043	20052				
13_nov_p1	2024-09-24 11:39:07.053		Media file	player #1:C:/lab/Social Memory/13_nov_p1_converted.mp4	0.0	1625.937	2194.125	16.000	social_agent	118.367	facial sniffing	Not defined	STATE	1252.688	1253.250	0.562	C:/lab/Social Memory/13_nov_p1_converted.mp4	20043	20052				
13_nov_p1	2024-09-24 11:39:07.053		Media file	player #1:C:/lab/Social Memory/13_nov_p1_converted.mp4	0.0	1625.937	2194.125	16.000	subject	279.738	anogenital sniffing	Not defined	STATE	1253.250	1256.125	2.875	C:/lab/Social Memory/13_nov_p1_converted.mp4	20052	20098				
13_nov_p1	2024-09-24 11:39:07.053		Media file	player #1:C:/lab/Social Memory/13_nov_p1_converted.mp4	0.0	1625.937	2194.125	16.000	social_agent	118.367	facial sniffing	Not defined	STATE	1254.688	1255.188	0.500	C:/lab/Social Memory/13_nov_p1_converted.mp4	20075	20083				
13_nov_p1	2024-09-24 11:39:07.053		Media file	player #1:C:/lab/Social Memory/13_nov_p1_converted.mp4	0.0	1625.937	2194.125	16.000	subject	279.738	anogenital sniffing	Not defined	STATE	1261.250	1261.875	0.625	C:/lab/Social Memory/13_nov_p1_converted.mp4	20180	20190				
13_nov_p1	2024-09-24 11:39:07.053		Media file	player #1:C:/lab/Social Memory/13_nov_p1_converted.mp4	0.0	1625.937	2194.125	16.000	subject	279.738	anogenital sniffing	Not defined	STATE	1268.188	1269.250	1.062	C:/lab/Social Memory/13_nov_p1_converted.mp4	20291	20308				
13_nov_p1	2024-09-24 11:39:07.053		Media file	player #1:C:/lab/Social Memory/13_nov_p1_converted.mp4	0.0	1625.937	2194.125	16.000	subject	279.738	facial sniffing	Not defined	STATE	1272.188	1272.812	0.624	C:/lab/Social Memory/13_nov_p1_converted.mp4	20355	20365				
13_nov_p1	2024-09-24 11:39:07.053		Media file	player #1:C:/lab/Social Memory/13_nov_p1_converted.mp4	0.0	1625.937	2194.125	16.000	subject	279.738	facial sniffing	Not defined	STATE	1273.625	1274.438	0.813	C:/lab/Social Memory/13_nov_p1_converted.mp4	20378	20391				
13_nov_p1	2024-09-24 11:39:07.053		Media file	player #1:C:/lab/Social Memory/13_nov_p1_converted.mp4	0.0	1625.937	2194.125	16.000	subject	279.738	anogenital sniffing	Not defined	STATE	1275.875	1276.688	0.813	C:/lab/Social Memory/13_nov_p1_converted.mp4	20414	20427				
13_nov_p1	2024-09-24 11:39:07.053		Media file	player #1:C:/lab/Social Memory/13_nov_p1_converted.mp4	0.0	1625.937	2194.125	16.000	subject	279.738	anogenital sniffing	Not defined	STATE	1279.938	1280.500	0.562	C:/lab/Social Memory/13_nov_p1_converted.mp4	20479	20488				
13_nov_p1	2024-09-24 11:39:07.053		Media file	player #1:C:/lab/Social Memory/13_nov_p1_converted.mp4	0.0	1625.937	2194.125	16.000	subject	279.738	anogenital sniffing	Not defined	STATE	1282.750	1284.562	1.812	C:/lab/Social Memory/13_nov_p1_converted.mp4	20524	20553				
13_nov_p1	2024-09-24 11:39:07.053		Media file	player #1:C:/lab/Social Memory/13_nov_p1_converted.mp4	0.0	1625.937	2194.125	16.000	subject	279.738	anogenital sniffing	Not defined	STATE	1285.312	1286.312	1.000	C:/lab/Social Memory/13_nov_p1_converted.mp4	20565	20581				
13_nov_p1	2024-09-24 11:39:07.053		Media file	player #1:C:/lab/Social Memory/13_nov_p1_converted.mp4	0.0	1625.937	2194.125	16.000	subject	279.738	anogenital sniffing	Not defined	STATE	1292.312	1292.938	0.626	C:/lab/Social Memory/13_nov_p1_converted.mp4	20677	20687				
13_nov_p1	2024-09-24 11:39:07.053		Media file	player #1:C:/lab/Social Memory/13_nov_p1_converted.mp4	0.0	1625.937	2194.125	16.000	subject	279.738	anogenital sniffing	Not defined	STATE	1299.062	1299.438	0.376	C:/lab/Social Memory/13_nov_p1_converted.mp4	20785	20791				
13_nov_p1	2024-09-24 11:39:07.053		Media file	player #1:C:/lab/Social Memory/13_nov_p1_converted.mp4	0.0	1625.937	2194.125	16.000	subject	279.738	anogenital sniffing	Not defined	STATE	1300.312	1301.562	1.250	C:/lab/Social Memory/13_nov_p1_converted.mp4	20805	20825				
13_nov_p1	2024-09-24 11:39:07.053		Media file	player #1:C:/lab/Social Memory/13_nov_p1_converted.mp4	0.0	1625.937	2194.125	16.000	subject	279.738	anogenital sniffing	Not defined	STATE	1326.250	1326.875	0.625	C:/lab/Social Memory/13_nov_p1_converted.mp4	21220	21230				
13_nov_p1	2024-09-24 11:39:07.053		Media file	player #1:C:/lab/Social Memory/13_nov_p1_converted.mp4	0.0	1625.937	2194.125	16.000	social_agent	118.367	anogenital sniffing	Not defined	STATE	1328.250	1330.375	2.125	C:/lab/Social Memory/13_nov_p1_converted.mp4	21252	21286				
13_nov_p1	2024-09-24 11:39:07.053		Media file	player #1:C:/lab/Social Memory/13_nov_p1_converted.mp4	0.0	1625.937	2194.125	16.000	social_agent	118.367	facial sniffing	Not defined	STATE	1337.375	1338.062	0.687	C:/lab/Social Memory/13_nov_p1_converted.mp4	21398	21409				
13_nov_p1	2024-09-24 11:39:07.053		Media file	player #1:C:/lab/Social Memory/13_nov_p1_converted.mp4	0.0	1625.937	2194.125	16.000	subject	279.738	facial sniffing	Not defined	STATE	1337.438	1338.000	0.562	C:/lab/Social Memory/13_nov_p1_converted.mp4	21399	21408				
13_nov_p1	2024-09-24 11:39:07.053		Media file	player #1:C:/lab/Social Memory/13_nov_p1_converted.mp4	0.0	1625.937	2194.125	16.000	subject	279.738	anogenital sniffing	Not defined	STATE	1347.875	1348.375	0.500	C:/lab/Social Memory/13_nov_p1_converted.mp4	21566	21574				
13_nov_p1	2024-09-24 11:39:07.053		Media file	player #1:C:/lab/Social Memory/13_nov_p1_converted.mp4	0.0	1625.937	2194.125	16.000	subject	279.738	facial sniffing	Not defined	STATE	1348.375	1349.062	0.687	C:/lab/Social Memory/13_nov_p1_converted.mp4	21574	21585				
13_nov_p1	2024-09-24 11:39:07.053		Media file	player #1:C:/lab/Social Memory/13_nov_p1_converted.mp4	0.0	1625.937	2194.125	16.000	social_agent	118.367	facial sniffing	Not defined	STATE	1348.438	1349.062	0.624	C:/lab/Social Memory/13_nov_p1_converted.mp4	21575	21585				
13_nov_p1	2024-09-24 11:39:07.053		Media file	player #1:C:/lab/Social Memory/13_nov_p1_converted.mp4	0.0	1625.937	2194.125	16.000	social_agent	118.367	anogenital sniffing	Not defined	STATE	1350.375	1350.561	0.186	C:/lab/Social Memory/13_nov_p1_converted.mp4	21606	NA				
13_nov_p1	2024-09-24 11:39:07.053		Media file	player #1:C:/lab/Social Memory/13_nov_p1_converted.mp4	0.0	1625.937	2194.125	16.000	social_agent	118.367	facial sniffing	Not defined	STATE	1350.562	1350.999	0.437	C:/lab/Social Memory/13_nov_p1_converted.mp4	21609	NA				
13_nov_p1	2024-09-24 11:39:07.053		Media file	player #1:C:/lab/Social Memory/13_nov_p1_converted.mp4	0.0	1625.937	2194.125	16.000	social_agent	118.367	anogenital sniffing	Not defined	STATE	1369.812	1374.188	4.376	C:/lab/Social Memory/13_nov_p1_converted.mp4	21917	21987				
13_nov_p1	2024-09-24 11:39:07.053		Media file	player #1:C:/lab/Social Memory/13_nov_p1_converted.mp4	0.0	1625.937	2194.125	16.000	subject	279.738	facial sniffing	Not defined	STATE	1370.250	1370.750	0.500	C:/lab/Social Memory/13_nov_p1_converted.mp4	21924	21932				
13_nov_p1	2024-09-24 11:39:07.053		Media file	player #1:C:/lab/Social Memory/13_nov_p1_converted.mp4	0.0	1625.937	2194.125	16.000	subject	279.738	anogenital sniffing	Not defined	STATE	1371.875	1373.812	1.937	C:/lab/Social Memory/13_nov_p1_converted.mp4	21950	21981				
13_nov_p1	2024-09-24 11:39:07.053		Media file	player #1:C:/lab/Social Memory/13_nov_p1_converted.mp4	0.0	1625.937	2194.125	16.000	subject	279.738	anogenital sniffing	Not defined	STATE	1375.500	1375.812	0.312	C:/lab/Social Memory/13_nov_p1_converted.mp4	22008	22013				
13_nov_p1	2024-09-24 11:39:07.053		Media file	player #1:C:/lab/Social Memory/13_nov_p1_converted.mp4	0.0	1625.937	2194.125	16.000	subject	279.738	facial sniffing	Not defined	STATE	1376.438	1377.625	1.187	C:/lab/Social Memory/13_nov_p1_converted.mp4	22023	22042				
13_nov_p1	2024-09-24 11:39:07.053		Media file	player #1:C:/lab/Social Memory/13_nov_p1_converted.mp4	0.0	1625.937	2194.125	16.000	social_agent	118.367	facial sniffing	Not defined	STATE	1376.875	1377.375	0.500	C:/lab/Social Memory/13_nov_p1_converted.mp4	22030	22038				
13_nov_p1	2024-09-24 11:39:07.053		Media file	player #1:C:/lab/Social Memory/13_nov_p1_converted.mp4	0.0	1625.937	2194.125	16.000	social_agent	118.367	facial sniffing	Not defined	STATE	1377.812	1378.312	0.500	C:/lab/Social Memory/13_nov_p1_converted.mp4	22045	22053				
13_nov_p1	2024-09-24 11:39:07.053		Media file	player #1:C:/lab/Social Memory/13_nov_p1_converted.mp4	0.0	1625.937	2194.125	16.000	social_agent	118.367	anogenital sniffing	Not defined	STATE	1384.938	1385.938	1.000	C:/lab/Social Memory/13_nov_p1_converted.mp4	22159	22175				
13_nov_p1	2024-09-24 11:39:07.053		Media file	player #1:C:/lab/Social Memory/13_nov_p1_converted.mp4	0.0	1625.937	2194.125	16.000	subject	279.738	anogenital sniffing	Not defined	STATE	1393.312	1393.812	0.500	C:/lab/Social Memory/13_nov_p1_converted.mp4	22293	22301				
13_nov_p1	2024-09-24 11:39:07.053		Media file	player #1:C:/lab/Social Memory/13_nov_p1_converted.mp4	0.0	1625.937	2194.125	16.000	subject	279.738	anogenital sniffing	Not defined	STATE	1425.562	1425.875	0.313	C:/lab/Social Memory/13_nov_p1_converted.mp4	22809	22814				
13_nov_p1	2024-09-24 11:39:07.053		Media file	player #1:C:/lab/Social Memory/13_nov_p1_converted.mp4	0.0	1625.937	2194.125	16.000	subject	279.738	anogenital sniffing	Not defined	STATE	1427.938	1428.250	0.312	C:/lab/Social Memory/13_nov_p1_converted.mp4	22847	22852				
13_nov_p1	2024-09-24 11:39:07.053		Media file	player #1:C:/lab/Social Memory/13_nov_p1_converted.mp4	0.0	1625.937	2194.125	16.000	social_agent	118.367	anogenital sniffing	Not defined	STATE	1428.562	1429.188	0.626	C:/lab/Social Memory/13_nov_p1_converted.mp4	22857	22867				
13_nov_p1	2024-09-24 11:39:07.053		Media file	player #1:C:/lab/Social Memory/13_nov_p1_converted.mp4	0.0	1625.937	2194.125	16.000	social_agent	118.367	anogenital sniffing	Not defined	STATE	1430.125	1432.438	2.313	C:/lab/Social Memory/13_nov_p1_converted.mp4	22882	22919				
13_nov_p1	2024-09-24 11:39:07.053		Media file	player #1:C:/lab/Social Memory/13_nov_p1_converted.mp4	0.0	1625.937	2194.125	16.000	social_agent	118.367	anogenital sniffing	Not defined	STATE	1440.750	1442.188	1.438	C:/lab/Social Memory/13_nov_p1_converted.mp4	23052	23075				
13_nov_p1	2024-09-24 11:39:07.053		Media file	player #1:C:/lab/Social Memory/13_nov_p1_converted.mp4	0.0	1625.937	2194.125	16.000	social_agent	118.367	facial sniffing	Not defined	STATE	1443.062	1443.375	0.313	C:/lab/Social Memory/13_nov_p1_converted.mp4	23089	23094				
13_nov_p1	2024-09-24 11:39:07.053		Media file	player #1:C:/lab/Social Memory/13_nov_p1_converted.mp4	0.0	1625.937	2194.125	16.000	subject	279.738	anogenital sniffing	Not defined	STATE	1458.688	1459.125	0.437	C:/lab/Social Memory/13_nov_p1_converted.mp4	23339	23346				
13_nov_p1	2024-09-24 11:39:07.053		Media file	player #1:C:/lab/Social Memory/13_nov_p1_converted.mp4	0.0	1625.937	2194.125	16.000	subject	279.738	anogenital sniffing	Not defined	STATE	1460.188	1460.750	0.562	C:/lab/Social Memory/13_nov_p1_converted.mp4	23363	23372				
13_nov_p1	2024-09-24 11:39:07.053		Media file	player #1:C:/lab/Social Memory/13_nov_p1_converted.mp4	0.0	1625.937	2194.125	16.000	social_agent	118.367	anogenital sniffing	Not defined	STATE	1467.562	1468.062	0.500	C:/lab/Social Memory/13_nov_p1_converted.mp4	23481	23489				
13_nov_p1	2024-09-24 11:39:07.053		Media file	player #1:C:/lab/Social Memory/13_nov_p1_converted.mp4	0.0	1625.937	2194.125	16.000	subject	279.738	facial sniffing	Not defined	STATE	1468.250	1468.688	0.438	C:/lab/Social Memory/13_nov_p1_converted.mp4	23492	23499				
13_nov_p1	2024-09-24 11:39:07.053		Media file	player #1:C:/lab/Social Memory/13_nov_p1_converted.mp4	0.0	1625.937	2194.125	16.000	subject	279.738	anogenital sniffing	Not defined	STATE	1468.750	1471.000	2.250	C:/lab/Social Memory/13_nov_p1_converted.mp4	23500	23536				
13_nov_p1	2024-09-24 11:39:07.053		Media file	player #1:C:/lab/Social Memory/13_nov_p1_converted.mp4	0.0	1625.937	2194.125	16.000	social_agent	118.367	facial sniffing	Not defined	STATE	1468.750	1469.250	0.500	C:/lab/Social Memory/13_nov_p1_converted.mp4	23500	23508				
13_nov_p1	2024-09-24 11:39:07.053		Media file	player #1:C:/lab/Social Memory/13_nov_p1_converted.mp4	0.0	1625.937	2194.125	16.000	social_agent	118.367	anogenital sniffing	Not defined	STATE	1470.875	1471.250	0.375	C:/lab/Social Memory/13_nov_p1_converted.mp4	23534	23540				
13_nov_p1	2024-09-24 11:39:07.053		Media file	player #1:C:/lab/Social Memory/13_nov_p1_converted.mp4	0.0	1625.937	2194.125	16.000	subject	279.738	anogenital sniffing	Not defined	STATE	1473.188	1477.750	4.562	C:/lab/Social Memory/13_nov_p1_converted.mp4	23571	23644				
13_nov_p1	2024-09-24 11:39:07.053		Media file	player #1:C:/lab/Social Memory/13_nov_p1_converted.mp4	0.0	1625.937	2194.125	16.000	subject	279.738	facial sniffing	Not defined	STATE	1479.625	1481.438	1.813	C:/lab/Social Memory/13_nov_p1_converted.mp4	23674	23703				
13_nov_p1	2024-09-24 11:39:07.053		Media file	player #1:C:/lab/Social Memory/13_nov_p1_converted.mp4	0.0	1625.937	2194.125	16.000	social_agent	118.367	facial sniffing	Not defined	STATE	1480.688	1481.062	0.374	C:/lab/Social Memory/13_nov_p1_converted.mp4	23691	23697				
13_nov_p1	2024-09-24 11:39:07.053		Media file	player #1:C:/lab/Social Memory/13_nov_p1_converted.mp4	0.0	1625.937	2194.125	16.000	social_agent	118.367	anogenital sniffing	Not defined	STATE	1491.375	1491.812	0.437	C:/lab/Social Memory/13_nov_p1_converted.mp4	23862	23869				
13_nov_p1	2024-09-24 11:39:07.053		Media file	player #1:C:/lab/Social Memory/13_nov_p1_converted.mp4	0.0	1625.937	2194.125	16.000	subject	279.738	fighting	Not defined	STATE	1503.812	1504.062	0.250	C:/lab/Social Memory/13_nov_p1_converted.mp4	24061	24065				
13_nov_p1	2024-09-24 11:39:07.053		Media file	player #1:C:/lab/Social Memory/13_nov_p1_converted.mp4	0.0	1625.937	2194.125	16.000	subject	279.738	fighting	Not defined	STATE	1504.750	1504.938	0.188	C:/lab/Social Memory/13_nov_p1_converted.mp4	24076	24079				
13_nov_p1	2024-09-24 11:39:07.053		Media file	player #1:C:/lab/Social Memory/13_nov_p1_converted.mp4	0.0	1625.937	2194.125	16.000	subject	279.738	fighting	Not defined	STATE	1505.938	1506.188	0.250	C:/lab/Social Memory/13_nov_p1_converted.mp4	24095	24099				
13_nov_p1	2024-09-24 11:39:07.053		Media file	player #1:C:/lab/Social Memory/13_nov_p1_converted.mp4	0.0	1625.937	2194.125	16.000	subject	279.738	fighting	Not defined	STATE	1506.375	1507.688	1.313	C:/lab/Social Memory/13_nov_p1_converted.mp4	24102	24123				
13_nov_p1	2024-09-24 11:39:07.053		Media file	player #1:C:/lab/Social Memory/13_nov_p1_converted.mp4	0.0	1625.937	2194.125	16.000	subject	279.738	fighting	Not defined	STATE	1507.875	1509.625	1.750	C:/lab/Social Memory/13_nov_p1_converted.mp4	24127	24154				
13_nov_p1	2024-09-24 11:39:07.053		Media file	player #1:C:/lab/Social Memory/13_nov_p1_converted.mp4	0.0	1625.937	2194.125	16.000	subject	279.738	fighting	Not defined	STATE	1510.000	1510.312	0.312	C:/lab/Social Memory/13_nov_p1_converted.mp4	24160	24165				
13_nov_p1	2024-09-24 11:39:07.053		Media file	player #1:C:/lab/Social Memory/13_nov_p1_converted.mp4	0.0	1625.937	2194.125	16.000	subject	279.738	anogenital sniffing	Not defined	STATE	1514.250	1514.562	0.312	C:/lab/Social Memory/13_nov_p1_converted.mp4	24228	24233				
13_nov_p1	2024-09-24 11:39:07.053		Media file	player #1:C:/lab/Social Memory/13_nov_p1_converted.mp4	0.0	1625.937	2194.125	16.000	subject	279.738	facial sniffing	Not defined	STATE	1516.188	1516.500	0.312	C:/lab/Social Memory/13_nov_p1_converted.mp4	24259	24264				
13_nov_p1	2024-09-24 11:39:07.053		Media file	player #1:C:/lab/Social Memory/13_nov_p1_converted.mp4	0.0	1625.937	2194.125	16.000	subject	279.738	fighting	Not defined	STATE	1518.812	1519.000	0.188	C:/lab/Social Memory/13_nov_p1_converted.mp4	24301	24304				
13_nov_p1	2024-09-24 11:39:07.053		Media file	player #1:C:/lab/Social Memory/13_nov_p1_converted.mp4	0.0	1625.937	2194.125	16.000	subject	279.738	fighting	Not defined	STATE	1519.375	1520.000	0.625	C:/lab/Social Memory/13_nov_p1_converted.mp4	24310	24320				
13_nov_p1	2024-09-24 11:39:07.053		Media file	player #1:C:/lab/Social Memory/13_nov_p1_converted.mp4	0.0	1625.937	2194.125	16.000	subject	279.738	fighting	Not defined	STATE	1520.250	1521.312	1.062	C:/lab/Social Memory/13_nov_p1_converted.mp4	24324	24341				
13_nov_p1	2024-09-24 11:39:07.053		Media file	player #1:C:/lab/Social Memory/13_nov_p1_converted.mp4	0.0	1625.937	2194.125	16.000	social_agent	118.367	mice taken out	Not defined	POINT	1523.875	1523.875	NA	C:/lab/Social Memory/13_nov_p1_converted.mp4	24382	24382				
13_nov_p1	2024-09-24 11:39:07.053		Media file	player #1:C:/lab/Social Memory/13_nov_p1_converted.mp4	0.0	1625.937	2194.125	16.000	social_agent	118.367	mice back in	Not defined	POINT	1577.438	1577.438	NA	C:/lab/Social Memory/13_nov_p1_converted.mp4	25239	25239				
13_nov_p1	2024-09-24 11:39:07.053		Media file	player #1:C:/lab/Social Memory/13_nov_p1_converted.mp4	0.0	1625.937	2194.125	16.000	subject	279.738	facial sniffing	Not defined	STATE	1581.625	1582.250	0.625	C:/lab/Social Memory/13_nov_p1_converted.mp4	25306	25316				
13_nov_p1	2024-09-24 11:39:07.053		Media file	player #1:C:/lab/Social Memory/13_nov_p1_converted.mp4	0.0	1625.937	2194.125	16.000	subject	279.738	anogenital sniffing	Not defined	STATE	1582.562	1583.000	0.438	C:/lab/Social Memory/13_nov_p1_converted.mp4	25321	25328				
13_nov_p1	2024-09-24 11:39:07.053		Media file	player #1:C:/lab/Social Memory/13_nov_p1_converted.mp4	0.0	1625.937	2194.125	16.000	subject	279.738	anogenital sniffing	Not defined	STATE	1584.688	1587.812	3.124	C:/lab/Social Memory/13_nov_p1_converted.mp4	25355	25405				
13_nov_p1	2024-09-24 11:39:07.053		Media file	player #1:C:/lab/Social Memory/13_nov_p1_converted.mp4	0.0	1625.937	2194.125	16.000	social_agent	118.367	anogenital sniffing	Not defined	STATE	1591.250	1591.750	0.500	C:/lab/Social Memory/13_nov_p1_converted.mp4	25460	25468				
13_nov_p1	2024-09-24 11:39:07.053		Media file	player #1:C:/lab/Social Memory/13_nov_p1_converted.mp4	0.0	1625.937	2194.125	16.000	subject	279.738	anogenital sniffing	Not defined	STATE	1593.000	1598.375	5.375	C:/lab/Social Memory/13_nov_p1_converted.mp4	25488	25574				
13_nov_p1	2024-09-24 11:39:07.053		Media file	player #1:C:/lab/Social Memory/13_nov_p1_converted.mp4	0.0	1625.937	2194.125	16.000	subject	279.738	facial sniffing	Not defined	STATE	1601.438	1601.812	0.374	C:/lab/Social Memory/13_nov_p1_converted.mp4	25623	25629				
13_nov_p1	2024-09-24 11:39:07.053		Media file	player #1:C:/lab/Social Memory/13_nov_p1_converted.mp4	0.0	1625.937	2194.125	16.000	subject	279.738	anogenital sniffing	Not defined	STATE	1602.688	1603.562	0.874	C:/lab/Social Memory/13_nov_p1_converted.mp4	25643	25657				
13_nov_p1	2024-09-24 11:39:07.053		Media file	player #1:C:/lab/Social Memory/13_nov_p1_converted.mp4	0.0	1625.937	2194.125	16.000	subject	279.738	anogenital sniffing	Not defined	STATE	1605.000	1605.312	0.312	C:/lab/Social Memory/13_nov_p1_converted.mp4	25680	25685				
13_nov_p1	2024-09-24 11:39:07.053		Media file	player #1:C:/lab/Social Memory/13_nov_p1_converted.mp4	0.0	1625.937	2194.125	16.000	social_agent	118.367	anogenital sniffing	Not defined	STATE	1606.875	1607.562	0.687	C:/lab/Social Memory/13_nov_p1_converted.mp4	25710	25721				
13_nov_p1	2024-09-24 11:39:07.053		Media file	player #1:C:/lab/Social Memory/13_nov_p1_converted.mp4	0.0	1625.937	2194.125	16.000	social_agent	118.367	facial sniffing	Not defined	STATE	1608.562	1608.812	0.250	C:/lab/Social Memory/13_nov_p1_converted.mp4	25737	25741				
13_nov_p1	2024-09-24 11:39:07.053		Media file	player #1:C:/lab/Social Memory/13_nov_p1_converted.mp4	0.0	1625.937	2194.125	16.000	subject	279.738	anogenital sniffing	Not defined	STATE	1611.438	1612.375	0.937	C:/lab/Social Memory/13_nov_p1_converted.mp4	25783	25798				
13_nov_p1	2024-09-24 11:39:07.053		Media file	player #1:C:/lab/Social Memory/13_nov_p1_converted.mp4	0.0	1625.937	2194.125	16.000	social_agent	118.367	facial sniffing	Not defined	STATE	1612.562	1612.812	0.250	C:/lab/Social Memory/13_nov_p1_converted.mp4	25801	25805				
13_nov_p1	2024-09-24 11:39:07.053		Media file	player #1:C:/lab/Social Memory/13_nov_p1_converted.mp4	0.0	1625.937	2194.125	16.000	subject	279.738	anogenital sniffing	Not defined	STATE	1619.125	1619.688	0.563	C:/lab/Social Memory/13_nov_p1_converted.mp4	25906	25915				
13_nov_p1	2024-09-24 11:39:07.053		Media file	player #1:C:/lab/Social Memory/13_nov_p1_converted.mp4	0.0	1625.937	2194.125	16.000	subject	279.738	facial sniffing	Not defined	STATE	1621.625	1622.000	0.375	C:/lab/Social Memory/13_nov_p1_converted.mp4	25946	25952				
13_nov_p1	2024-09-24 11:39:07.053		Media file	player #1:C:/lab/Social Memory/13_nov_p1_converted.mp4	0.0	1625.937	2194.125	16.000	social_agent	118.367	facial sniffing	Not defined	STATE	1621.875	1622.188	0.313	C:/lab/Social Memory/13_nov_p1_converted.mp4	25950	25955				
13_nov_p1	2024-09-24 11:39:07.053		Media file	player #1:C:/lab/Social Memory/13_nov_p1_converted.mp4	0.0	1625.937	2194.125	16.000	social_agent	118.367	anogenital sniffing	Not defined	STATE	1627.812	1628.125	0.313	C:/lab/Social Memory/13_nov_p1_converted.mp4	26045	26050				
13_nov_p1	2024-09-24 11:39:07.053		Media file	player #1:C:/lab/Social Memory/13_nov_p1_converted.mp4	0.0	1625.937	2194.125	16.000	social_agent	118.367	facial sniffing	Not defined	STATE	1629.812	1630.000	0.188	C:/lab/Social Memory/13_nov_p1_converted.mp4	26077	26080				
13_nov_p1	2024-09-24 11:39:07.053		Media file	player #1:C:/lab/Social Memory/13_nov_p1_converted.mp4	0.0	1625.937	2194.125	16.000	subject	279.738	anogenital sniffing	Not defined	STATE	1630.312	1632.375	2.063	C:/lab/Social Memory/13_nov_p1_converted.mp4	26085	26118				
13_nov_p1	2024-09-24 11:39:07.053		Media file	player #1:C:/lab/Social Memory/13_nov_p1_converted.mp4	0.0	1625.937	2194.125	16.000	social_agent	118.367	anogenital sniffing	Not defined	STATE	1633.875	1634.688	0.813	C:/lab/Social Memory/13_nov_p1_converted.mp4	26142	26155				
13_nov_p1	2024-09-24 11:39:07.053		Media file	player #1:C:/lab/Social Memory/13_nov_p1_converted.mp4	0.0	1625.937	2194.125	16.000	social_agent	118.367	facial sniffing	Not defined	STATE	1638.875	1639.562	0.687	C:/lab/Social Memory/13_nov_p1_converted.mp4	26222	26233				
13_nov_p1	2024-09-24 11:39:07.053		Media file	player #1:C:/lab/Social Memory/13_nov_p1_converted.mp4	0.0	1625.937	2194.125	16.000	social_agent	118.367	facial sniffing	Not defined	STATE	1651.500	1652.188	0.688	C:/lab/Social Memory/13_nov_p1_converted.mp4	26424	26435				
13_nov_p1	2024-09-24 11:39:07.053		Media file	player #1:C:/lab/Social Memory/13_nov_p1_converted.mp4	0.0	1625.937	2194.125	16.000	subject	279.738	anogenital sniffing	Not defined	STATE	1657.188	1657.688	0.500	C:/lab/Social Memory/13_nov_p1_converted.mp4	26515	26523				
13_nov_p1	2024-09-24 11:39:07.053		Media file	player #1:C:/lab/Social Memory/13_nov_p1_converted.mp4	0.0	1625.937	2194.125	16.000	subject	279.738	facial sniffing	Not defined	STATE	1676.125	1676.625	0.500	C:/lab/Social Memory/13_nov_p1_converted.mp4	26818	26826				
13_nov_p1	2024-09-24 11:39:07.053		Media file	player #1:C:/lab/Social Memory/13_nov_p1_converted.mp4	0.0	1625.937	2194.125	16.000	social_agent	118.367	facial sniffing	Not defined	STATE	1676.125	1676.750	0.625	C:/lab/Social Memory/13_nov_p1_converted.mp4	26818	26828				
13_nov_p1	2024-09-24 11:39:07.053		Media file	player #1:C:/lab/Social Memory/13_nov_p1_converted.mp4	0.0	1625.937	2194.125	16.000	social_agent	118.367	anogenital sniffing	Not defined	STATE	1713.688	1714.188	0.500	C:/lab/Social Memory/13_nov_p1_converted.mp4	27419	27427				
13_nov_p1	2024-09-24 11:39:07.053		Media file	player #1:C:/lab/Social Memory/13_nov_p1_converted.mp4	0.0	1625.937	2194.125	16.000	subject	279.738	facial sniffing	Not defined	STATE	1730.000	1732.125	2.125	C:/lab/Social Memory/13_nov_p1_converted.mp4	27680	27714				
13_nov_p1	2024-09-24 11:39:07.053		Media file	player #1:C:/lab/Social Memory/13_nov_p1_converted.mp4	0.0	1625.937	2194.125	16.000	social_agent	118.367	facial sniffing	Not defined	STATE	1730.188	1730.688	0.500	C:/lab/Social Memory/13_nov_p1_converted.mp4	27683	27691				
13_nov_p1	2024-09-24 11:39:07.053		Media file	player #1:C:/lab/Social Memory/13_nov_p1_converted.mp4	0.0	1625.937	2194.125	16.000	social_agent	118.367	facial sniffing	Not defined	STATE	1731.125	1731.625	0.500	C:/lab/Social Memory/13_nov_p1_converted.mp4	27698	27706				
13_nov_p1	2024-09-24 11:39:07.053		Media file	player #1:C:/lab/Social Memory/13_nov_p1_converted.mp4	0.0	1625.937	2194.125	16.000	subject	279.738	anogenital sniffing	Not defined	STATE	1732.375	1733.750	1.375	C:/lab/Social Memory/13_nov_p1_converted.mp4	27718	27740				
13_nov_p1	2024-09-24 11:39:07.053		Media file	player #1:C:/lab/Social Memory/13_nov_p1_converted.mp4	0.0	1625.937	2194.125	16.000	subject	279.738	anogenital sniffing	Not defined	STATE	1734.250	1736.312	2.062	C:/lab/Social Memory/13_nov_p1_converted.mp4	27748	27781				
13_nov_p1	2024-09-24 11:39:07.053		Media file	player #1:C:/lab/Social Memory/13_nov_p1_converted.mp4	0.0	1625.937	2194.125	16.000	social_agent	118.367	facial sniffing	Not defined	STATE	1734.562	1734.875	0.313	C:/lab/Social Memory/13_nov_p1_converted.mp4	27753	27758				
13_nov_p1	2024-09-24 11:39:07.053		Media file	player #1:C:/lab/Social Memory/13_nov_p1_converted.mp4	0.0	1625.937	2194.125	16.000	subject	279.738	anogenital sniffing	Not defined	STATE	1738.062	1739.125	1.063	C:/lab/Social Memory/13_nov_p1_converted.mp4	27809	27826				
13_nov_p1	2024-09-24 11:39:07.053		Media file	player #1:C:/lab/Social Memory/13_nov_p1_converted.mp4	0.0	1625.937	2194.125	16.000	social_agent	118.367	anogenital sniffing	Not defined	STATE	1739.625	1741.500	1.875	C:/lab/Social Memory/13_nov_p1_converted.mp4	27834	27864				
13_nov_p1	2024-09-24 11:39:07.053		Media file	player #1:C:/lab/Social Memory/13_nov_p1_converted.mp4	0.0	1625.937	2194.125	16.000	subject	279.738	anogenital sniffing	Not defined	STATE	1741.750	1742.438	0.688	C:/lab/Social Memory/13_nov_p1_converted.mp4	27868	27879				
13_nov_p1	2024-09-24 11:39:07.053		Media file	player #1:C:/lab/Social Memory/13_nov_p1_converted.mp4	0.0	1625.937	2194.125	16.000	subject	279.738	anogenital sniffing	Not defined	STATE	1743.562	1743.812	0.250	C:/lab/Social Memory/13_nov_p1_converted.mp4	27897	27901				
13_nov_p1	2024-09-24 11:39:07.053		Media file	player #1:C:/lab/Social Memory/13_nov_p1_converted.mp4	0.0	1625.937	2194.125	16.000	social_agent	118.367	anogenital sniffing	Not defined	STATE	1743.625	1744.875	1.250	C:/lab/Social Memory/13_nov_p1_converted.mp4	27898	27918				
13_nov_p1	2024-09-24 11:39:07.053		Media file	player #1:C:/lab/Social Memory/13_nov_p1_converted.mp4	0.0	1625.937	2194.125	16.000	subject	279.738	anogenital sniffing	Not defined	STATE	1744.688	1745.875	1.187	C:/lab/Social Memory/13_nov_p1_converted.mp4	27915	27934				
13_nov_p1	2024-09-24 11:39:07.053		Media file	player #1:C:/lab/Social Memory/13_nov_p1_converted.mp4	0.0	1625.937	2194.125	16.000	social_agent	118.367	anogenital sniffing	Not defined	STATE	1745.500	1746.562	1.062	C:/lab/Social Memory/13_nov_p1_converted.mp4	27928	27945				
13_nov_p1	2024-09-24 11:39:07.053		Media file	player #1:C:/lab/Social Memory/13_nov_p1_converted.mp4	0.0	1625.937	2194.125	16.000	social_agent	118.367	anogenital sniffing	Not defined	STATE	1747.438	1748.688	1.250	C:/lab/Social Memory/13_nov_p1_converted.mp4	27959	27979				
13_nov_p1	2024-09-24 11:39:07.053		Media file	player #1:C:/lab/Social Memory/13_nov_p1_converted.mp4	0.0	1625.937	2194.125	16.000	subject	279.738	anogenital sniffing	Not defined	STATE	1748.688	1749.125	0.437	C:/lab/Social Memory/13_nov_p1_converted.mp4	27979	27986				
13_nov_p1	2024-09-24 11:39:07.053		Media file	player #1:C:/lab/Social Memory/13_nov_p1_converted.mp4	0.0	1625.937	2194.125	16.000	subject	279.738	anogenital sniffing	Not defined	STATE	1751.750	1752.500	0.750	C:/lab/Social Memory/13_nov_p1_converted.mp4	28028	28040				
13_nov_p1	2024-09-24 11:39:07.053		Media file	player #1:C:/lab/Social Memory/13_nov_p1_converted.mp4	0.0	1625.937	2194.125	16.000	subject	279.738	anogenital sniffing	Not defined	STATE	1754.500	1755.000	0.500	C:/lab/Social Memory/13_nov_p1_converted.mp4	28072	28080				
13_nov_p1	2024-09-24 11:39:07.053		Media file	player #1:C:/lab/Social Memory/13_nov_p1_converted.mp4	0.0	1625.937	2194.125	16.000	subject	279.738	anogenital sniffing	Not defined	STATE	1756.250	1756.500	0.250	C:/lab/Social Memory/13_nov_p1_converted.mp4	28100	28104				
13_nov_p1	2024-09-24 11:39:07.053		Media file	player #1:C:/lab/Social Memory/13_nov_p1_converted.mp4	0.0	1625.937	2194.125	16.000	subject	279.738	anogenital sniffing	Not defined	STATE	1760.750	1761.250	0.500	C:/lab/Social Memory/13_nov_p1_converted.mp4	28172	28180				
13_nov_p1	2024-09-24 11:39:07.053		Media file	player #1:C:/lab/Social Memory/13_nov_p1_converted.mp4	0.0	1625.937	2194.125	16.000	subject	279.738	anogenital sniffing	Not defined	STATE	1762.250	1762.625	0.375	C:/lab/Social Memory/13_nov_p1_converted.mp4	28196	28202				
13_nov_p1	2024-09-24 11:39:07.053		Media file	player #1:C:/lab/Social Memory/13_nov_p1_converted.mp4	0.0	1625.937	2194.125	16.000	subject	279.738	anogenital sniffing	Not defined	STATE	1765.000	1766.375	1.375	C:/lab/Social Memory/13_nov_p1_converted.mp4	28240	28262				
13_nov_p1	2024-09-24 11:39:07.053		Media file	player #1:C:/lab/Social Memory/13_nov_p1_converted.mp4	0.0	1625.937	2194.125	16.000	subject	279.738	anogenital sniffing	Not defined	STATE	1767.125	1768.750	1.625	C:/lab/Social Memory/13_nov_p1_converted.mp4	28274	28300				
13_nov_p1	2024-09-24 11:39:07.053		Media file	player #1:C:/lab/Social Memory/13_nov_p1_converted.mp4	0.0	1625.937	2194.125	16.000	social_agent	118.367	facial sniffing	Not defined	STATE	1769.312	1770.812	1.500	C:/lab/Social Memory/13_nov_p1_converted.mp4	28309	28333				
13_nov_p1	2024-09-24 11:39:07.053		Media file	player #1:C:/lab/Social Memory/13_nov_p1_converted.mp4	0.0	1625.937	2194.125	16.000	subject	279.738	facial sniffing	Not defined	STATE	1769.688	1771.312	1.624	C:/lab/Social Memory/13_nov_p1_converted.mp4	28315	28341				
13_nov_p1	2024-09-24 11:39:07.053		Media file	player #1:C:/lab/Social Memory/13_nov_p1_converted.mp4	0.0	1625.937	2194.125	16.000	subject	279.738	facial sniffing	Not defined	STATE	1771.750	1772.249	0.499	C:/lab/Social Memory/13_nov_p1_converted.mp4	28348	NA				
13_nov_p1	2024-09-24 11:39:07.053		Media file	player #1:C:/lab/Social Memory/13_nov_p1_converted.mp4	0.0	1625.937	2194.125	16.000	subject	279.738	anogenital sniffing	Not defined	STATE	1772.250	1772.499	0.249	C:/lab/Social Memory/13_nov_p1_converted.mp4	28356	NA				
13_nov_p1	2024-09-24 11:39:07.053		Media file	player #1:C:/lab/Social Memory/13_nov_p1_converted.mp4	0.0	1625.937	2194.125	16.000	social_agent	118.367	facial sniffing	Not defined	STATE	1780.625	1781.000	0.375	C:/lab/Social Memory/13_nov_p1_converted.mp4	28490	28496				
13_nov_p1	2024-09-24 11:39:07.053		Media file	player #1:C:/lab/Social Memory/13_nov_p1_converted.mp4	0.0	1625.937	2194.125	16.000	subject	279.738	facial sniffing	Not defined	STATE	1780.812	1781.812	1.000	C:/lab/Social Memory/13_nov_p1_converted.mp4	28493	28509				
13_nov_p1	2024-09-24 11:39:07.053		Media file	player #1:C:/lab/Social Memory/13_nov_p1_converted.mp4	0.0	1625.937	2194.125	16.000	subject	279.738	anogenital sniffing	Not defined	STATE	1783.312	1783.688	0.376	C:/lab/Social Memory/13_nov_p1_converted.mp4	28533	28539				
13_nov_p1	2024-09-24 11:39:07.053		Media file	player #1:C:/lab/Social Memory/13_nov_p1_converted.mp4	0.0	1625.937	2194.125	16.000	social_agent	118.367	facial sniffing	Not defined	STATE	1788.062	1788.438	0.376	C:/lab/Social Memory/13_nov_p1_converted.mp4	28609	28615				
13_nov_p1	2024-09-24 11:39:07.053		Media file	player #1:C:/lab/Social Memory/13_nov_p1_converted.mp4	0.0	1625.937	2194.125	16.000	subject	279.738	facial sniffing	Not defined	STATE	1788.188	1788.688	0.500	C:/lab/Social Memory/13_nov_p1_converted.mp4	28611	28619				
13_nov_p1	2024-09-24 11:39:07.053		Media file	player #1:C:/lab/Social Memory/13_nov_p1_converted.mp4	0.0	1625.937	2194.125	16.000	social_agent	118.367	facial sniffing	Not defined	STATE	1811.125	1812.312	1.187	C:/lab/Social Memory/13_nov_p1_converted.mp4	28978	28997				
13_nov_p1	2024-09-24 11:39:07.053		Media file	player #1:C:/lab/Social Memory/13_nov_p1_converted.mp4	0.0	1625.937	2194.125	16.000	subject	279.738	facial sniffing	Not defined	STATE	1811.375	1812.062	0.687	C:/lab/Social Memory/13_nov_p1_converted.mp4	28982	28993				
13_nov_p1	2024-09-24 11:39:07.053		Media file	player #1:C:/lab/Social Memory/13_nov_p1_converted.mp4	0.0	1625.937	2194.125	16.000	subject	279.738	anogenital sniffing	Not defined	STATE	1812.062	1812.562	0.500	C:/lab/Social Memory/13_nov_p1_converted.mp4	28993	29001				
13_nov_p1	2024-09-24 11:39:07.053		Media file	player #1:C:/lab/Social Memory/13_nov_p1_converted.mp4	0.0	1625.937	2194.125	16.000	subject	279.738	allogrooming	Not defined	STATE	1818.312	1828.312	10.000	C:/lab/Social Memory/13_nov_p1_converted.mp4	29093	29253				
13_nov_p1	2024-09-24 11:39:07.053		Media file	player #1:C:/lab/Social Memory/13_nov_p1_converted.mp4	0.0	1625.937	2194.125	16.000	subject	279.738	allogrooming	Not defined	STATE	1828.875	1829.312	0.437	C:/lab/Social Memory/13_nov_p1_converted.mp4	29262	29269				
13_nov_p1	2024-09-24 11:39:07.053		Media file	player #1:C:/lab/Social Memory/13_nov_p1_converted.mp4	0.0	1625.937	2194.125	16.000	subject	279.738	allogrooming	Not defined	STATE	1830.625	1830.688	0.063	C:/lab/Social Memory/13_nov_p1_converted.mp4	29290	29291				
13_nov_p1	2024-09-24 11:39:07.053		Media file	player #1:C:/lab/Social Memory/13_nov_p1_converted.mp4	0.0	1625.937	2194.125	16.000	social_agent	118.367	anogenital sniffing	Not defined	STATE	1837.188	1840.688	3.500	C:/lab/Social Memory/13_nov_p1_converted.mp4	29395	29451				
13_nov_p1	2024-09-24 11:39:07.053		Media file	player #1:C:/lab/Social Memory/13_nov_p1_converted.mp4	0.0	1625.937	2194.125	16.000	subject	279.738	allogrooming	Not defined	STATE	1838.625	1838.875	0.250	C:/lab/Social Memory/13_nov_p1_converted.mp4	29418	29422				
13_nov_p1	2024-09-24 11:39:07.053		Media file	player #1:C:/lab/Social Memory/13_nov_p1_converted.mp4	0.0	1625.937	2194.125	16.000	subject	279.738	allogrooming	Not defined	STATE	1840.812	1841.188	0.376	C:/lab/Social Memory/13_nov_p1_converted.mp4	29453	29459				
13_nov_p1	2024-09-24 11:39:07.053		Media file	player #1:C:/lab/Social Memory/13_nov_p1_converted.mp4	0.0	1625.937	2194.125	16.000	subject	279.738	allogrooming	Not defined	STATE	1842.000	1844.561	2.561	C:/lab/Social Memory/13_nov_p1_converted.mp4	29472	NA				
13_nov_p1	2024-09-24 11:39:07.053		Media file	player #1:C:/lab/Social Memory/13_nov_p1_converted.mp4	0.0	1625.937	2194.125	16.000	subject	279.738	facial sniffing	Not defined	STATE	1844.562	1845.250	0.688	C:/lab/Social Memory/13_nov_p1_converted.mp4	29513	29524				
13_nov_p1	2024-09-24 11:39:07.053		Media file	player #1:C:/lab/Social Memory/13_nov_p1_converted.mp4	0.0	1625.937	2194.125	16.000	subject	279.738	facial sniffing	Not defined	STATE	1850.438	1851.875	1.437	C:/lab/Social Memory/13_nov_p1_converted.mp4	29607	29630				
13_nov_p1	2024-09-24 11:39:07.053		Media file	player #1:C:/lab/Social Memory/13_nov_p1_converted.mp4	0.0	1625.937	2194.125	16.000	social_agent	118.367	mice taken out	Not defined	POINT	1857.250	1857.250	NA	C:/lab/Social Memory/13_nov_p1_converted.mp4	29716	29716				
13_nov_p1	2024-09-24 11:39:07.053		Media file	player #1:C:/lab/Social Memory/13_nov_p1_converted.mp4	0.0	1625.937	2194.125	16.000	social_agent	118.367	mice back in	Not defined	POINT	1913.562	1913.562	NA	C:/lab/Social Memory/13_nov_p1_converted.mp4	30617	30617				
13_nov_p1	2024-09-24 11:39:07.053		Media file	player #1:C:/lab/Social Memory/13_nov_p1_converted.mp4	0.0	1625.937	2194.125	16.000	social_agent	118.367	facial sniffing	Not defined	STATE	1914.875	1915.812	0.937	C:/lab/Social Memory/13_nov_p1_converted.mp4	30638	30653				
13_nov_p1	2024-09-24 11:39:07.053		Media file	player #1:C:/lab/Social Memory/13_nov_p1_converted.mp4	0.0	1625.937	2194.125	16.000	subject	279.738	facial sniffing	Not defined	STATE	1915.188	1915.562	0.374	C:/lab/Social Memory/13_nov_p1_converted.mp4	30643	30649				
13_nov_p1	2024-09-24 11:39:07.053		Media file	player #1:C:/lab/Social Memory/13_nov_p1_converted.mp4	0.0	1625.937	2194.125	16.000	subject	279.738	facial sniffing	Not defined	STATE	1916.062	1916.688	0.626	C:/lab/Social Memory/13_nov_p1_converted.mp4	30657	30667				
13_nov_p1	2024-09-24 11:39:07.053		Media file	player #1:C:/lab/Social Memory/13_nov_p1_converted.mp4	0.0	1625.937	2194.125	16.000	subject	279.738	facial sniffing	Not defined	STATE	1918.000	1918.688	0.688	C:/lab/Social Memory/13_nov_p1_converted.mp4	30688	30699				
13_nov_p1	2024-09-24 11:39:07.053		Media file	player #1:C:/lab/Social Memory/13_nov_p1_converted.mp4	0.0	1625.937	2194.125	16.000	subject	279.738	anogenital sniffing	Not defined	STATE	1919.438	1920.625	1.187	C:/lab/Social Memory/13_nov_p1_converted.mp4	30711	30730				
13_nov_p1	2024-09-24 11:39:07.053		Media file	player #1:C:/lab/Social Memory/13_nov_p1_converted.mp4	0.0	1625.937	2194.125	16.000	subject	279.738	anogenital sniffing	Not defined	STATE	1922.500	1924.062	1.562	C:/lab/Social Memory/13_nov_p1_converted.mp4	30760	30785				
13_nov_p1	2024-09-24 11:39:07.053		Media file	player #1:C:/lab/Social Memory/13_nov_p1_converted.mp4	0.0	1625.937	2194.125	16.000	subject	279.738	anogenital sniffing	Not defined	STATE	1925.188	1925.688	0.500	C:/lab/Social Memory/13_nov_p1_converted.mp4	30803	30811				
13_nov_p1	2024-09-24 11:39:07.053		Media file	player #1:C:/lab/Social Memory/13_nov_p1_converted.mp4	0.0	1625.937	2194.125	16.000	subject	279.738	anogenital sniffing	Not defined	STATE	1926.500	1926.938	0.438	C:/lab/Social Memory/13_nov_p1_converted.mp4	30824	30831				
13_nov_p1	2024-09-24 11:39:07.053		Media file	player #1:C:/lab/Social Memory/13_nov_p1_converted.mp4	0.0	1625.937	2194.125	16.000	subject	279.738	anogenital sniffing	Not defined	STATE	1927.250	1929.125	1.875	C:/lab/Social Memory/13_nov_p1_converted.mp4	30836	30866				
13_nov_p1	2024-09-24 11:39:07.053		Media file	player #1:C:/lab/Social Memory/13_nov_p1_converted.mp4	0.0	1625.937	2194.125	16.000	social_agent	118.367	facial sniffing	Not defined	STATE	1932.312	1932.562	0.250	C:/lab/Social Memory/13_nov_p1_converted.mp4	30917	30921				
13_nov_p1	2024-09-24 11:39:07.053		Media file	player #1:C:/lab/Social Memory/13_nov_p1_converted.mp4	0.0	1625.937	2194.125	16.000	subject	279.738	facial sniffing	Not defined	STATE	1932.500	1933.000	0.500	C:/lab/Social Memory/13_nov_p1_converted.mp4	30920	30928				
13_nov_p1	2024-09-24 11:39:07.053		Media file	player #1:C:/lab/Social Memory/13_nov_p1_converted.mp4	0.0	1625.937	2194.125	16.000	social_agent	118.367	anogenital sniffing	Not defined	STATE	1933.375	1935.188	1.813	C:/lab/Social Memory/13_nov_p1_converted.mp4	30934	30963				
13_nov_p1	2024-09-24 11:39:07.053		Media file	player #1:C:/lab/Social Memory/13_nov_p1_converted.mp4	0.0	1625.937	2194.125	16.000	subject	279.738	anogenital sniffing	Not defined	STATE	1933.562	1935.062	1.500	C:/lab/Social Memory/13_nov_p1_converted.mp4	30937	30961				
13_nov_p1	2024-09-24 11:39:07.053		Media file	player #1:C:/lab/Social Memory/13_nov_p1_converted.mp4	0.0	1625.937	2194.125	16.000	subject	279.738	anogenital sniffing	Not defined	STATE	1936.188	1939.812	3.624	C:/lab/Social Memory/13_nov_p1_converted.mp4	30979	31037				
13_nov_p1	2024-09-24 11:39:07.053		Media file	player #1:C:/lab/Social Memory/13_nov_p1_converted.mp4	0.0	1625.937	2194.125	16.000	subject	279.738	anogenital sniffing	Not defined	STATE	1940.562	1941.188	0.626	C:/lab/Social Memory/13_nov_p1_converted.mp4	31049	31059				
13_nov_p1	2024-09-24 11:39:07.053		Media file	player #1:C:/lab/Social Memory/13_nov_p1_converted.mp4	0.0	1625.937	2194.125	16.000	subject	279.738	facial sniffing	Not defined	STATE	1942.062	1942.750	0.688	C:/lab/Social Memory/13_nov_p1_converted.mp4	31073	31084				
13_nov_p1	2024-09-24 11:39:07.053		Media file	player #1:C:/lab/Social Memory/13_nov_p1_converted.mp4	0.0	1625.937	2194.125	16.000	subject	279.738	anogenital sniffing	Not defined	STATE	1942.750	1943.250	0.500	C:/lab/Social Memory/13_nov_p1_converted.mp4	31084	31092				
13_nov_p1	2024-09-24 11:39:07.053		Media file	player #1:C:/lab/Social Memory/13_nov_p1_converted.mp4	0.0	1625.937	2194.125	16.000	subject	279.738	anogenital sniffing	Not defined	STATE	1944.375	1945.250	0.875	C:/lab/Social Memory/13_nov_p1_converted.mp4	31110	31124				
13_nov_p1	2024-09-24 11:39:07.053		Media file	player #1:C:/lab/Social Memory/13_nov_p1_converted.mp4	0.0	1625.937	2194.125	16.000	subject	279.738	anogenital sniffing	Not defined	STATE	1945.750	1946.188	0.438	C:/lab/Social Memory/13_nov_p1_converted.mp4	31132	31139				
13_nov_p1	2024-09-24 11:39:07.053		Media file	player #1:C:/lab/Social Memory/13_nov_p1_converted.mp4	0.0	1625.937	2194.125	16.000	subject	279.738	anogenital sniffing	Not defined	STATE	1947.125	1947.562	0.437	C:/lab/Social Memory/13_nov_p1_converted.mp4	31154	31161				
13_nov_p1	2024-09-24 11:39:07.053		Media file	player #1:C:/lab/Social Memory/13_nov_p1_converted.mp4	0.0	1625.937	2194.125	16.000	subject	279.738	facial sniffing	Not defined	STATE	1949.500	1950.312	0.812	C:/lab/Social Memory/13_nov_p1_converted.mp4	31192	31205				
13_nov_p1	2024-09-24 11:39:07.053		Media file	player #1:C:/lab/Social Memory/13_nov_p1_converted.mp4	0.0	1625.937	2194.125	16.000	subject	279.738	anogenital sniffing	Not defined	STATE	1951.062	1956.688	5.626	C:/lab/Social Memory/13_nov_p1_converted.mp4	31217	31307				
13_nov_p1	2024-09-24 11:39:07.053		Media file	player #1:C:/lab/Social Memory/13_nov_p1_converted.mp4	0.0	1625.937	2194.125	16.000	subject	279.738	facial sniffing	Not defined	STATE	1960.312	1960.812	0.500	C:/lab/Social Memory/13_nov_p1_converted.mp4	31365	31373				
13_nov_p1	2024-09-24 11:39:07.053		Media file	player #1:C:/lab/Social Memory/13_nov_p1_converted.mp4	0.0	1625.937	2194.125	16.000	social_agent	118.367	facial sniffing	Not defined	STATE	1960.312	1960.750	0.438	C:/lab/Social Memory/13_nov_p1_converted.mp4	31365	31372				
13_nov_p1	2024-09-24 11:39:07.053		Media file	player #1:C:/lab/Social Memory/13_nov_p1_converted.mp4	0.0	1625.937	2194.125	16.000	social_agent	118.367	anogenital sniffing	Not defined	STATE	1961.500	1962.625	1.125	C:/lab/Social Memory/13_nov_p1_converted.mp4	31384	31402				
13_nov_p1	2024-09-24 11:39:07.053		Media file	player #1:C:/lab/Social Memory/13_nov_p1_converted.mp4	0.0	1625.937	2194.125	16.000	subject	279.738	anogenital sniffing	Not defined	STATE	1961.875	1962.562	0.687	C:/lab/Social Memory/13_nov_p1_converted.mp4	31390	31401				
13_nov_p1	2024-09-24 11:39:07.053		Media file	player #1:C:/lab/Social Memory/13_nov_p1_converted.mp4	0.0	1625.937	2194.125	16.000	social_agent	118.367	anogenital sniffing	Not defined	STATE	1963.250	1963.688	0.438	C:/lab/Social Memory/13_nov_p1_converted.mp4	31412	31419				
13_nov_p1	2024-09-24 11:39:07.053		Media file	player #1:C:/lab/Social Memory/13_nov_p1_converted.mp4	0.0	1625.937	2194.125	16.000	subject	279.738	facial sniffing	Not defined	STATE	1963.938	1964.750	0.812	C:/lab/Social Memory/13_nov_p1_converted.mp4	31423	31436				
13_nov_p1	2024-09-24 11:39:07.053		Media file	player #1:C:/lab/Social Memory/13_nov_p1_converted.mp4	0.0	1625.937	2194.125	16.000	social_agent	118.367	facial sniffing	Not defined	STATE	1964.625	1964.937	0.312	C:/lab/Social Memory/13_nov_p1_converted.mp4	31434	NA				
13_nov_p1	2024-09-24 11:39:07.053		Media file	player #1:C:/lab/Social Memory/13_nov_p1_converted.mp4	0.0	1625.937	2194.125	16.000	subject	279.738	anogenital sniffing	Not defined	STATE	1964.750	1965.250	0.500	C:/lab/Social Memory/13_nov_p1_converted.mp4	31436	31444				
13_nov_p1	2024-09-24 11:39:07.053		Media file	player #1:C:/lab/Social Memory/13_nov_p1_converted.mp4	0.0	1625.937	2194.125	16.000	social_agent	118.367	anogenital sniffing	Not defined	STATE	1964.938	1965.250	0.312	C:/lab/Social Memory/13_nov_p1_converted.mp4	31439	31444				
13_nov_p1	2024-09-24 11:39:07.053		Media file	player #1:C:/lab/Social Memory/13_nov_p1_converted.mp4	0.0	1625.937	2194.125	16.000	social_agent	118.367	anogenital sniffing	Not defined	STATE	1965.688	1967.875	2.187	C:/lab/Social Memory/13_nov_p1_converted.mp4	31451	31486				
13_nov_p1	2024-09-24 11:39:07.053		Media file	player #1:C:/lab/Social Memory/13_nov_p1_converted.mp4	0.0	1625.937	2194.125	16.000	subject	279.738	facial sniffing	Not defined	STATE	1968.938	1969.875	0.937	C:/lab/Social Memory/13_nov_p1_converted.mp4	31503	31518				
13_nov_p1	2024-09-24 11:39:07.053		Media file	player #1:C:/lab/Social Memory/13_nov_p1_converted.mp4	0.0	1625.937	2194.125	16.000	subject	279.738	facial sniffing	Not defined	STATE	1970.312	1977.312	7.000	C:/lab/Social Memory/13_nov_p1_converted.mp4	31525	31637				
13_nov_p1	2024-09-24 11:39:07.053		Media file	player #1:C:/lab/Social Memory/13_nov_p1_converted.mp4	0.0	1625.937	2194.125	16.000	social_agent	118.367	anogenital sniffing	Not defined	STATE	1971.250	1978.750	7.500	C:/lab/Social Memory/13_nov_p1_converted.mp4	31540	31660				
13_nov_p1	2024-09-24 11:39:07.053		Media file	player #1:C:/lab/Social Memory/13_nov_p1_converted.mp4	0.0	1625.937	2194.125	16.000	subject	279.738	anogenital sniffing	Not defined	STATE	1985.312	1987.500	2.188	C:/lab/Social Memory/13_nov_p1_converted.mp4	31765	31800				
13_nov_p1	2024-09-24 11:39:07.053		Media file	player #1:C:/lab/Social Memory/13_nov_p1_converted.mp4	0.0	1625.937	2194.125	16.000	subject	279.738	anogenital sniffing	Not defined	STATE	1991.750	1992.500	0.750	C:/lab/Social Memory/13_nov_p1_converted.mp4	31868	31880				
13_nov_p1	2024-09-24 11:39:07.053		Media file	player #1:C:/lab/Social Memory/13_nov_p1_converted.mp4	0.0	1625.937	2194.125	16.000	subject	279.738	facial sniffing	Not defined	STATE	1993.312	1995.125	1.813	C:/lab/Social Memory/13_nov_p1_converted.mp4	31893	31922				
13_nov_p1	2024-09-24 11:39:07.053		Media file	player #1:C:/lab/Social Memory/13_nov_p1_converted.mp4	0.0	1625.937	2194.125	16.000	social_agent	118.367	facial sniffing	Not defined	STATE	1993.625	1994.125	0.500	C:/lab/Social Memory/13_nov_p1_converted.mp4	31898	31906				
13_nov_p1	2024-09-24 11:39:07.053		Media file	player #1:C:/lab/Social Memory/13_nov_p1_converted.mp4	0.0	1625.937	2194.125	16.000	subject	279.738	anogenital sniffing	Not defined	STATE	1997.500	1999.812	2.312	C:/lab/Social Memory/13_nov_p1_converted.mp4	31960	31997				
13_nov_p1	2024-09-24 11:39:07.053		Media file	player #1:C:/lab/Social Memory/13_nov_p1_converted.mp4	0.0	1625.937	2194.125	16.000	subject	279.738	facial sniffing	Not defined	STATE	1999.812	2000.062	0.250	C:/lab/Social Memory/13_nov_p1_converted.mp4	31997	32001				
13_nov_p1	2024-09-24 11:39:07.053		Media file	player #1:C:/lab/Social Memory/13_nov_p1_converted.mp4	0.0	1625.937	2194.125	16.000	subject	279.738	facial sniffing	Not defined	STATE	2000.625	2002.188	1.563	C:/lab/Social Memory/13_nov_p1_converted.mp4	32010	32035				
13_nov_p1	2024-09-24 11:39:07.053		Media file	player #1:C:/lab/Social Memory/13_nov_p1_converted.mp4	0.0	1625.937	2194.125	16.000	social_agent	118.367	anogenital sniffing	Not defined	STATE	2001.625	2002.625	1.000	C:/lab/Social Memory/13_nov_p1_converted.mp4	32026	32042				
13_nov_p1	2024-09-24 11:39:07.053		Media file	player #1:C:/lab/Social Memory/13_nov_p1_converted.mp4	0.0	1625.937	2194.125	16.000	subject	279.738	facial sniffing	Not defined	STATE	2002.938	2003.312	0.374	C:/lab/Social Memory/13_nov_p1_converted.mp4	32047	32054				
13_nov_p1	2024-09-24 11:39:07.053		Media file	player #1:C:/lab/Social Memory/13_nov_p1_converted.mp4	0.0	1625.937	2194.125	16.000	social_agent	118.367	anogenital sniffing	Not defined	STATE	2003.375	2003.688	0.313	C:/lab/Social Memory/13_nov_p1_converted.mp4	32054	32059				
13_nov_p1	2024-09-24 11:39:07.053		Media file	player #1:C:/lab/Social Memory/13_nov_p1_converted.mp4	0.0	1625.937	2194.125	16.000	social_agent	118.367	anogenital sniffing	Not defined	STATE	2005.688	2005.938	0.250	C:/lab/Social Memory/13_nov_p1_converted.mp4	32091	32095				
13_nov_p1	2024-09-24 11:39:07.053		Media file	player #1:C:/lab/Social Memory/13_nov_p1_converted.mp4	0.0	1625.937	2194.125	16.000	subject	279.738	facial sniffing	Not defined	STATE	2005.812	2006.375	0.563	C:/lab/Social Memory/13_nov_p1_converted.mp4	32093	32102				
13_nov_p1	2024-09-24 11:39:07.053		Media file	player #1:C:/lab/Social Memory/13_nov_p1_converted.mp4	0.0	1625.937	2194.125	16.000	subject	279.738	anogenital sniffing	Not defined	STATE	2006.375	2006.938	0.563	C:/lab/Social Memory/13_nov_p1_converted.mp4	32102	32111				
13_nov_p1	2024-09-24 11:39:07.053		Media file	player #1:C:/lab/Social Memory/13_nov_p1_converted.mp4	0.0	1625.937	2194.125	16.000	subject	279.738	facial sniffing	Not defined	STATE	2013.438	2013.938	0.500	C:/lab/Social Memory/13_nov_p1_converted.mp4	32215	32223				
13_nov_p1	2024-09-24 11:39:07.053		Media file	player #1:C:/lab/Social Memory/13_nov_p1_converted.mp4	0.0	1625.937	2194.125	16.000	social_agent	118.367	facial sniffing	Not defined	STATE	2013.438	2013.875	0.437	C:/lab/Social Memory/13_nov_p1_converted.mp4	32215	32222				
13_nov_p1	2024-09-24 11:39:07.053		Media file	player #1:C:/lab/Social Memory/13_nov_p1_converted.mp4	0.0	1625.937	2194.125	16.000	social_agent	118.367	facial sniffing	Not defined	STATE	2019.750	2020.188	0.438	C:/lab/Social Memory/13_nov_p1_converted.mp4	32316	32323				
13_nov_p1	2024-09-24 11:39:07.053		Media file	player #1:C:/lab/Social Memory/13_nov_p1_converted.mp4	0.0	1625.937	2194.125	16.000	social_agent	118.367	facial sniffing	Not defined	STATE	2026.250	2026.562	0.312	C:/lab/Social Memory/13_nov_p1_converted.mp4	32420	32425				
13_nov_p1	2024-09-24 11:39:07.053		Media file	player #1:C:/lab/Social Memory/13_nov_p1_converted.mp4	0.0	1625.937	2194.125	16.000	subject	279.738	facial sniffing	Not defined	STATE	2026.312	2026.688	0.376	C:/lab/Social Memory/13_nov_p1_converted.mp4	32421	32427				
13_nov_p1	2024-09-24 11:39:07.053		Media file	player #1:C:/lab/Social Memory/13_nov_p1_converted.mp4	0.0	1625.937	2194.125	16.000	social_agent	118.367	anogenital sniffing	Not defined	STATE	2034.125	2034.625	0.500	C:/lab/Social Memory/13_nov_p1_converted.mp4	32546	32554				
13_nov_p1	2024-09-24 11:39:07.053		Media file	player #1:C:/lab/Social Memory/13_nov_p1_converted.mp4	0.0	1625.937	2194.125	16.000	social_agent	118.367	anogenital sniffing	Not defined	STATE	2035.750	2036.312	0.562	C:/lab/Social Memory/13_nov_p1_converted.mp4	32572	32581				
13_nov_p1	2024-09-24 11:39:07.053		Media file	player #1:C:/lab/Social Memory/13_nov_p1_converted.mp4	0.0	1625.937	2194.125	16.000	social_agent	118.367	facial sniffing	Not defined	STATE	2037.500	2037.875	0.375	C:/lab/Social Memory/13_nov_p1_converted.mp4	32600	32606				
13_nov_p1	2024-09-24 11:39:07.053		Media file	player #1:C:/lab/Social Memory/13_nov_p1_converted.mp4	0.0	1625.937	2194.125	16.000	social_agent	118.367	anogenital sniffing	Not defined	STATE	2039.562	2040.875	1.313	C:/lab/Social Memory/13_nov_p1_converted.mp4	32633	32654				
13_nov_p1	2024-09-24 11:39:07.053		Media file	player #1:C:/lab/Social Memory/13_nov_p1_converted.mp4	0.0	1625.937	2194.125	16.000	social_agent	118.367	anogenital sniffing	Not defined	STATE	2043.125	2044.438	1.313	C:/lab/Social Memory/13_nov_p1_converted.mp4	32690	32711				
13_nov_p1	2024-09-24 11:39:07.053		Media file	player #1:C:/lab/Social Memory/13_nov_p1_converted.mp4	0.0	1625.937	2194.125	16.000	subject	279.738	facial sniffing	Not defined	STATE	2056.750	2057.188	0.438	C:/lab/Social Memory/13_nov_p1_converted.mp4	32908	32915				
13_nov_p1	2024-09-24 11:39:07.053		Media file	player #1:C:/lab/Social Memory/13_nov_p1_converted.mp4	0.0	1625.937	2194.125	16.000	social_agent	118.367	anogenital sniffing	Not defined	STATE	2067.375	2070.750	3.375	C:/lab/Social Memory/13_nov_p1_converted.mp4	33078	33132				
13_nov_p1	2024-09-24 11:39:07.053		Media file	player #1:C:/lab/Social Memory/13_nov_p1_converted.mp4	0.0	1625.937	2194.125	16.000	subject	279.738	facial sniffing	Not defined	STATE	2068.438	2068.750	0.312	C:/lab/Social Memory/13_nov_p1_converted.mp4	33095	33100				
13_nov_p1	2024-09-24 11:39:07.053		Media file	player #1:C:/lab/Social Memory/13_nov_p1_converted.mp4	0.0	1625.937	2194.125	16.000	subject	279.738	anogenital sniffing	Not defined	STATE	2074.500	2074.875	0.375	C:/lab/Social Memory/13_nov_p1_converted.mp4	33192	33198				
13_nov_p1	2024-09-24 11:39:07.053		Media file	player #1:C:/lab/Social Memory/13_nov_p1_converted.mp4	0.0	1625.937	2194.125	16.000	social_agent	118.367	anogenital sniffing	Not defined	STATE	2079.875	2081.062	1.187	C:/lab/Social Memory/13_nov_p1_converted.mp4	33278	33297				
13_nov_p1	2024-09-24 11:39:07.053		Media file	player #1:C:/lab/Social Memory/13_nov_p1_converted.mp4	0.0	1625.937	2194.125	16.000	social_agent	118.367	anogenital sniffing	Not defined	STATE	2099.000	2099.625	0.625	C:/lab/Social Memory/13_nov_p1_converted.mp4	33584	33594				
13_nov_p1	2024-09-24 11:39:07.053		Media file	player #1:C:/lab/Social Memory/13_nov_p1_converted.mp4	0.0	1625.937	2194.125	16.000	social_agent	118.367	anogenital sniffing	Not defined	STATE	2100.750	2101.000	0.250	C:/lab/Social Memory/13_nov_p1_converted.mp4	33612	33616				
13_nov_p1	2024-09-24 11:39:07.053		Media file	player #1:C:/lab/Social Memory/13_nov_p1_converted.mp4	0.0	1625.937	2194.125	16.000	social_agent	118.367	anogenital sniffing	Not defined	STATE	2105.375	2106.562	1.187	C:/lab/Social Memory/13_nov_p1_converted.mp4	33686	33705				
13_nov_p1	2024-09-24 11:39:07.053		Media file	player #1:C:/lab/Social Memory/13_nov_p1_converted.mp4	0.0	1625.937	2194.125	16.000	social_agent	118.367	anogenital sniffing	Not defined	STATE	2108.438	2108.812	0.374	C:/lab/Social Memory/13_nov_p1_converted.mp4	33735	33741				
13_nov_p1	2024-09-24 11:39:07.053		Media file	player #1:C:/lab/Social Memory/13_nov_p1_converted.mp4	0.0	1625.937	2194.125	16.000	social_agent	118.367	anogenital sniffing	Not defined	STATE	2109.375	2110.000	0.625	C:/lab/Social Memory/13_nov_p1_converted.mp4	33750	33760				
13_nov_p1	2024-09-24 11:39:07.053		Media file	player #1:C:/lab/Social Memory/13_nov_p1_converted.mp4	0.0	1625.937	2194.125	16.000	social_agent	118.367	anogenital sniffing	Not defined	STATE	2110.938	2111.438	0.500	C:/lab/Social Memory/13_nov_p1_converted.mp4	33775	33783				
13_nov_p1	2024-09-24 11:39:07.053		Media file	player #1:C:/lab/Social Memory/13_nov_p1_converted.mp4	0.0	1625.937	2194.125	16.000	social_agent	118.367	anogenital sniffing	Not defined	STATE	2111.875	2112.562	0.687	C:/lab/Social Memory/13_nov_p1_converted.mp4	33790	33801				
13_nov_p1	2024-09-24 11:39:07.053		Media file	player #1:C:/lab/Social Memory/13_nov_p1_converted.mp4	0.0	1625.937	2194.125	16.000	social_agent	118.367	anogenital sniffing	Not defined	STATE	2113.625	2115.250	1.625	C:/lab/Social Memory/13_nov_p1_converted.mp4	33818	33844				
13_nov_p1	2024-09-24 11:39:07.053		Media file	player #1:C:/lab/Social Memory/13_nov_p1_converted.mp4	0.0	1625.937	2194.125	16.000	social_agent	118.367	anogenital sniffing	Not defined	STATE	2147.562	2148.062	0.500	C:/lab/Social Memory/13_nov_p1_converted.mp4	34361	34369				
13_nov_p1	2024-09-24 11:39:07.053		Media file	player #1:C:/lab/Social Memory/13_nov_p1_converted.mp4	0.0	1625.937	2194.125	16.000	social_agent	118.367	anogenital sniffing	Not defined	STATE	2154.750	2155.500	0.750	C:/lab/Social Memory/13_nov_p1_converted.mp4	34476	34488				
13_nov_p1	2024-09-24 11:39:07.053		Media file	player #1:C:/lab/Social Memory/13_nov_p1_converted.mp4	0.0	1625.937	2194.125	16.000	social_agent	118.367	facial sniffing	Not defined	STATE	2165.875	2166.312	0.437	C:/lab/Social Memory/13_nov_p1_converted.mp4	34654	34661				
13_nov_p1	2024-09-24 11:39:07.053		Media file	player #1:C:/lab/Social Memory/13_nov_p1_converted.mp4	0.0	1625.937	2194.125	16.000	subject	279.738	anogenital sniffing	Not defined	STATE	2166.312	2171.125	4.813	C:/lab/Social Memory/13_nov_p1_converted.mp4	34661	34738				
13_nov_p1	2024-09-24 11:39:07.053		Media file	player #1:C:/lab/Social Memory/13_nov_p1_converted.mp4	0.0	1625.937	2194.125	16.000	social_agent	118.367	anogenital sniffing	Not defined	STATE	2167.000	2169.062	2.062	C:/lab/Social Memory/13_nov_p1_converted.mp4	34672	34705				
13_nov_p1	2024-09-24 11:39:07.053		Media file	player #1:C:/lab/Social Memory/13_nov_p1_converted.mp4	0.0	1625.937	2194.125	16.000	social_agent	118.367	anogenital sniffing	Not defined	STATE	2171.000	2171.375	0.375	C:/lab/Social Memory/13_nov_p1_converted.mp4	34736	34742				
13_nov_p1	2024-09-24 11:39:07.053		Media file	player #1:C:/lab/Social Memory/13_nov_p1_converted.mp4	0.0	1625.937	2194.125	16.000	subject	279.738	anogenital sniffing	Not defined	STATE	2176.000	2180.250	4.250	C:/lab/Social Memory/13_nov_p1_converted.mp4	34816	34884				
13_nov_p1	2024-09-24 11:39:07.053		Media file	player #1:C:/lab/Social Memory/13_nov_p1_converted.mp4	0.0	1625.937	2194.125	16.000	social_agent	118.367	anogenital sniffing	Not defined	STATE	2176.438	2177.562	1.124	C:/lab/Social Memory/13_nov_p1_converted.mp4	34823	34841				
13_nov_p1	2024-09-24 11:39:07.053		Media file	player #1:C:/lab/Social Memory/13_nov_p1_converted.mp4	0.0	1625.937	2194.125	16.000	social_agent	118.367	facial sniffing	Not defined	STATE	2178.562	2179.375	0.813	C:/lab/Social Memory/13_nov_p1_converted.mp4	34857	34870				
13_nov_p1	2024-09-24 11:39:07.053		Media file	player #1:C:/lab/Social Memory/13_nov_p1_converted.mp4	0.0	1625.937	2194.125	16.000	subject	279.738	anogenital sniffing	Not defined	STATE	2180.938	2181.750	0.812	C:/lab/Social Memory/13_nov_p1_converted.mp4	34895	34908				
13_nov_p1	2024-09-24 11:39:07.053		Media file	player #1:C:/lab/Social Memory/13_nov_p1_converted.mp4	0.0	1625.937	2194.125	16.000	social_agent	118.367	anogenital sniffing	Not defined	STATE	2181.625	2182.250	0.625	C:/lab/Social Memory/13_nov_p1_converted.mp4	34906	34916				
13_nov_p1	2024-09-24 11:39:07.053		Media file	player #1:C:/lab/Social Memory/13_nov_p1_converted.mp4	0.0	1625.937	2194.125	16.000	subject	279.738	facial sniffing	Not defined	STATE	2183.500	2189.062	5.562	C:/lab/Social Memory/13_nov_p1_converted.mp4	34936	35025				
13_nov_p1	2024-09-24 11:39:07.053		Media file	player #1:C:/lab/Social Memory/13_nov_p1_converted.mp4	0.0	1625.937	2194.125	16.000	social_agent	118.367	facial sniffing	Not defined	STATE	2184.188	2185.375	1.187	C:/lab/Social Memory/13_nov_p1_converted.mp4	34947	34966				
13_nov_p1	2024-09-24 11:39:07.053		Media file	player #1:C:/lab/Social Memory/13_nov_p1_converted.mp4	0.0	1625.937	2194.125	16.000	social_agent	118.367	anogenital sniffing	Not defined	STATE	2185.625	2190.062	4.437	C:/lab/Social Memory/13_nov_p1_converted.mp4	34970	35041				
