Observation id,Observation date,Description,Media file,Total length,FPS,Subject,Behavior,Behavioral category,Modifiers,Behavior type,Start (s),Stop (s),Duration (s),Comment start,Comment stop
23_cage_p1,2024-10-04 13:49:52,,/Users/naylajimenez/Downloads/23_cage_p1_converted.mp4,2340.400,15.0,social_agent,mice back in,,,POINT,602.467,602.467,NA,,
23_cage_p1,2024-10-04 13:49:52,,/Users/naylajimenez/Downloads/23_cage_p1_converted.mp4,2340.400,15.0,subject,facial sniffing,,,STATE,605.067,605.400,0.333,,
23_cage_p1,2024-10-04 13:49:52,,/Users/naylajimenez/Downloads/23_cage_p1_converted.mp4,2340.400,15.0,subject,anogenital sniffing,,,STATE,607.933,608.000,0.067,,
23_cage_p1,2024-10-04 13:49:52,,/Users/naylajimenez/Downloads/23_cage_p1_converted.mp4,2340.400,15.0,subject,facial sniffing,,,STATE,608.267,608.600,0.333,,
23_cage_p1,2024-10-04 13:49:52,,/Users/naylajimenez/Downloads/23_cage_p1_converted.mp4,2340.400,15.0,subject,facial sniffing,,,STATE,612.400,612.467,0.067,,
23_cage_p1,2024-10-04 13:49:52,,/Users/naylajimenez/Downloads/23_cage_p1_converted.mp4,2340.400,15.0,subject,facial sniffing,,,STATE,613.067,613.933,0.866,,
23_cage_p1,2024-10-04 13:49:52,,/Users/naylajimenez/Downloads/23_cage_p1_converted.mp4,2340.400,15.0,subject,facial sniffing,,,STATE,614.800,615.067,0.267,,
23_cage_p1,2024-10-04 13:49:52,,/Users/naylajimenez/Downloads/23_cage_p1_converted.mp4,2340.400,15.0,social_agent,facial sniffing,,,STATE,614.933,615.067,0.134,,
23_cage_p1,2024-10-04 13:49:52,,/Users/naylajimenez/Downloads/23_cage_p1_converted.mp4,2340.400,15.0,subject,anogenital sniffing,,,STATE,617.333,617.533,0.200,,
23_cage_p1,2024-10-04 13:49:52,,/Users/naylajimenez/Downloads/23_cage_p1_converted.mp4,2340.400,15.0,subject,anogenital sniffing,,,STATE,619.467,619.533,0.066,,
23_cage_p1,2024-10-04 13:49:52,,/Users/naylajimenez/Downloads/23_cage_p1_converted.mp4,2340.400,15.0,subject,facial sniffing,,,STATE,620.600,620.667,0.067,,
23_cage_p1,2024-10-04 13:49:52,,/Users/naylajimenez/Downloads/23_cage_p1_converted.mp4,2340.400,15.0,social_agent,anogenital sniffing,,,STATE,623.667,624.133,0.466,,
23_cage_p1,2024-10-04 13:49:52,,/Users/naylajimenez/Downloads/23_cage_p1_converted.mp4,2340.400,15.0,social_agent,anogenital sniffing,,,STATE,625.200,625.267,0.067,,
23_cage_p1,2024-10-04 13:49:52,,/Users/naylajimenez/Downloads/23_cage_p1_converted.mp4,2340.400,15.0,subject,anogenital sniffing,,,STATE,632.667,632.800,0.133,,
23_cage_p1,2024-10-04 13:49:52,,/Users/naylajimenez/Downloads/23_cage_p1_converted.mp4,2340.400,15.0,subject,anogenital sniffing,,,STATE,634.133,634.400,0.267,,
23_cage_p1,2024-10-04 13:49:52,,/Users/naylajimenez/Downloads/23_cage_p1_converted.mp4,2340.400,15.0,social_agent,facial sniffing,,,STATE,635.067,635.267,0.200,,
23_cage_p1,2024-10-04 13:49:52,,/Users/naylajimenez/Downloads/23_cage_p1_converted.mp4,2340.400,15.0,subject,facial sniffing,,,STATE,635.133,635.267,0.134,,
23_cage_p1,2024-10-04 13:49:52,,/Users/naylajimenez/Downloads/23_cage_p1_converted.mp4,2340.400,15.0,subject,anogenital sniffing,,,STATE,640.133,640.733,0.600,,
23_cage_p1,2024-10-04 13:49:52,,/Users/naylajimenez/Downloads/23_cage_p1_converted.mp4,2340.400,15.0,subject,anogenital sniffing,,,STATE,644.333,644.800,0.467,,
23_cage_p1,2024-10-04 13:49:52,,/Users/naylajimenez/Downloads/23_cage_p1_converted.mp4,2340.400,15.0,subject,anogenital sniffing,,,STATE,652.533,652.600,0.067,,
23_cage_p1,2024-10-04 13:49:52,,/Users/naylajimenez/Downloads/23_cage_p1_converted.mp4,2340.400,15.0,social_agent,facial sniffing,,,STATE,654.000,654.067,0.067,,
23_cage_p1,2024-10-04 13:49:52,,/Users/naylajimenez/Downloads/23_cage_p1_converted.mp4,2340.400,15.0,subject,anogenital sniffing,,,STATE,657.733,658.067,0.334,,
23_cage_p1,2024-10-04 13:49:52,,/Users/naylajimenez/Downloads/23_cage_p1_converted.mp4,2340.400,15.0,social_agent,anogenital sniffing,,,STATE,660.667,661.000,0.333,,
23_cage_p1,2024-10-04 13:49:52,,/Users/naylajimenez/Downloads/23_cage_p1_converted.mp4,2340.400,15.0,social_agent,anogenital sniffing,,,STATE,661.800,662.667,0.867,,
23_cage_p1,2024-10-04 13:49:52,,/Users/naylajimenez/Downloads/23_cage_p1_converted.mp4,2340.400,15.0,subject,anogenital sniffing,,,STATE,674.467,674.667,0.200,,
23_cage_p1,2024-10-04 13:49:52,,/Users/naylajimenez/Downloads/23_cage_p1_converted.mp4,2340.400,15.0,subject,facial sniffing,,,STATE,677.133,677.267,0.134,,
23_cage_p1,2024-10-04 13:49:52,,/Users/naylajimenez/Downloads/23_cage_p1_converted.mp4,2340.400,15.0,social_agent,facial sniffing,,,STATE,677.200,677.267,0.067,,
23_cage_p1,2024-10-04 13:49:52,,/Users/naylajimenez/Downloads/23_cage_p1_converted.mp4,2340.400,15.0,subject,anogenital sniffing,,,STATE,678.267,678.333,0.066,,
23_cage_p1,2024-10-04 13:49:52,,/Users/naylajimenez/Downloads/23_cage_p1_converted.mp4,2340.400,15.0,subject,facial sniffing,,,STATE,681.400,682.067,0.667,,
23_cage_p1,2024-10-04 13:49:52,,/Users/naylajimenez/Downloads/23_cage_p1_converted.mp4,2340.400,15.0,subject,anogenital sniffing,,,STATE,687.133,687.867,0.734,,
23_cage_p1,2024-10-04 13:49:52,,/Users/naylajimenez/Downloads/23_cage_p1_converted.mp4,2340.400,15.0,subject,anogenital sniffing,,,STATE,694.067,694.600,0.533,,
23_cage_p1,2024-10-04 13:49:52,,/Users/naylajimenez/Downloads/23_cage_p1_converted.mp4,2340.400,15.0,subject,facial sniffing,,,STATE,705.267,705.400,0.133,,
23_cage_p1,2024-10-04 13:49:52,,/Users/naylajimenez/Downloads/23_cage_p1_converted.mp4,2340.400,15.0,subject,anogenital sniffing,,,STATE,709.800,709.867,0.067,,
23_cage_p1,2024-10-04 13:49:52,,/Users/naylajimenez/Downloads/23_cage_p1_converted.mp4,2340.400,15.0,social_agent,anogenital sniffing,,,STATE,716.533,716.600,0.067,,
23_cage_p1,2024-10-04 13:49:52,,/Users/naylajimenez/Downloads/23_cage_p1_converted.mp4,2340.400,15.0,subject,anogenital sniffing,,,STATE,727.667,727.867,0.200,,
23_cage_p1,2024-10-04 13:49:52,,/Users/naylajimenez/Downloads/23_cage_p1_converted.mp4,2340.400,15.0,subject,facial sniffing,,,STATE,728.333,728.467,0.134,,
23_cage_p1,2024-10-04 13:49:52,,/Users/naylajimenez/Downloads/23_cage_p1_converted.mp4,2340.400,15.0,social_agent,facial sniffing,,,STATE,728.400,728.467,0.067,,
23_cage_p1,2024-10-04 13:49:52,,/Users/naylajimenez/Downloads/23_cage_p1_converted.mp4,2340.400,15.0,subject,anogenital sniffing,,,STATE,733.067,733.267,0.200,,
23_cage_p1,2024-10-04 13:49:52,,/Users/naylajimenez/Downloads/23_cage_p1_converted.mp4,2340.400,15.0,subject,anogenital sniffing,,,STATE,736.600,737.467,0.867,,
23_cage_p1,2024-10-04 13:49:52,,/Users/naylajimenez/Downloads/23_cage_p1_converted.mp4,2340.400,15.0,subject,facial sniffing,,,STATE,742.267,742.467,0.200,,
23_cage_p1,2024-10-04 13:49:52,,/Users/naylajimenez/Downloads/23_cage_p1_converted.mp4,2340.400,15.0,subject,anogenital sniffing,,,STATE,753.867,754.267,0.400,,
23_cage_p1,2024-10-04 13:49:52,,/Users/naylajimenez/Downloads/23_cage_p1_converted.mp4,2340.400,15.0,social_agent,facial sniffing,,,STATE,754.600,754.800,0.200,,
23_cage_p1,2024-10-04 13:49:52,,/Users/naylajimenez/Downloads/23_cage_p1_converted.mp4,2340.400,15.0,subject,facial sniffing,,,STATE,754.800,754.867,0.067,,
23_cage_p1,2024-10-04 13:49:52,,/Users/naylajimenez/Downloads/23_cage_p1_converted.mp4,2340.400,15.0,social_agent,anogenital sniffing,,,STATE,755.400,755.733,0.333,,
23_cage_p1,2024-10-04 13:49:52,,/Users/naylajimenez/Downloads/23_cage_p1_converted.mp4,2340.400,15.0,subject,facial sniffing,,,STATE,757.933,758.067,0.134,,
23_cage_p1,2024-10-04 13:49:52,,/Users/naylajimenez/Downloads/23_cage_p1_converted.mp4,2340.400,15.0,subject,anogenital sniffing,,,STATE,759.067,759.200,0.133,,
23_cage_p1,2024-10-04 13:49:52,,/Users/naylajimenez/Downloads/23_cage_p1_converted.mp4,2340.400,15.0,subject,anogenital sniffing,,,STATE,759.867,761.000,1.133,,
23_cage_p1,2024-10-04 13:49:52,,/Users/naylajimenez/Downloads/23_cage_p1_converted.mp4,2340.400,15.0,subject,anogenital sniffing,,,STATE,764.467,764.533,0.066,,
23_cage_p1,2024-10-04 13:49:52,,/Users/naylajimenez/Downloads/23_cage_p1_converted.mp4,2340.400,15.0,subject,anogenital sniffing,,,STATE,772.733,773.400,0.667,,
23_cage_p1,2024-10-04 13:49:52,,/Users/naylajimenez/Downloads/23_cage_p1_converted.mp4,2340.400,15.0,subject,facial sniffing,,,STATE,778.933,779.000,0.067,,
23_cage_p1,2024-10-04 13:49:52,,/Users/naylajimenez/Downloads/23_cage_p1_converted.mp4,2340.400,15.0,social_agent,facial sniffing,,,STATE,778.933,779.000,0.067,,
23_cage_p1,2024-10-04 13:49:52,,/Users/naylajimenez/Downloads/23_cage_p1_converted.mp4,2340.400,15.0,social_agent,facial sniffing,,,STATE,789.733,791.067,1.334,,
23_cage_p1,2024-10-04 13:49:52,,/Users/naylajimenez/Downloads/23_cage_p1_converted.mp4,2340.400,15.0,social_agent,anogenital sniffing,,,STATE,793.867,794.133,0.266,,
23_cage_p1,2024-10-04 13:49:52,,/Users/naylajimenez/Downloads/23_cage_p1_converted.mp4,2340.400,15.0,subject,facial sniffing,,,STATE,796.400,796.533,0.133,,
23_cage_p1,2024-10-04 13:49:52,,/Users/naylajimenez/Downloads/23_cage_p1_converted.mp4,2340.400,15.0,social_agent,fighting,,,STATE,799.400,800.067,0.667,,
23_cage_p1,2024-10-04 13:49:52,,/Users/naylajimenez/Downloads/23_cage_p1_converted.mp4,2340.400,15.0,social_agent,fighting,,,STATE,801.400,801.467,0.067,,
23_cage_p1,2024-10-04 13:49:52,,/Users/naylajimenez/Downloads/23_cage_p1_converted.mp4,2340.400,15.0,social_agent,chasing,,,STATE,801.733,802.067,0.334,,
23_cage_p1,2024-10-04 13:49:52,,/Users/naylajimenez/Downloads/23_cage_p1_converted.mp4,2340.400,15.0,social_agent,fighting,,,STATE,802.067,802.533,0.466,,
23_cage_p1,2024-10-04 13:49:52,,/Users/naylajimenez/Downloads/23_cage_p1_converted.mp4,2340.400,15.0,social_agent,chasing,,,STATE,802.933,803.667,0.734,,
23_cage_p1,2024-10-04 13:49:52,,/Users/naylajimenez/Downloads/23_cage_p1_converted.mp4,2340.400,15.0,social_agent,fighting,,,STATE,803.933,804.267,0.334,,
23_cage_p1,2024-10-04 13:49:52,,/Users/naylajimenez/Downloads/23_cage_p1_converted.mp4,2340.400,15.0,social_agent,chasing,,,STATE,804.467,804.933,0.466,,
23_cage_p1,2024-10-04 13:49:52,,/Users/naylajimenez/Downloads/23_cage_p1_converted.mp4,2340.400,15.0,social_agent,facial sniffing,,,STATE,805.867,806.333,0.466,,
23_cage_p1,2024-10-04 13:49:52,,/Users/naylajimenez/Downloads/23_cage_p1_converted.mp4,2340.400,15.0,subject,facial sniffing,,,STATE,806.000,806.200,0.200,,
23_cage_p1,2024-10-04 13:49:52,,/Users/naylajimenez/Downloads/23_cage_p1_converted.mp4,2340.400,15.0,subject,anogenital sniffing,,,STATE,816.267,816.333,0.066,,
23_cage_p1,2024-10-04 13:49:52,,/Users/naylajimenez/Downloads/23_cage_p1_converted.mp4,2340.400,15.0,social_agent,anogenital sniffing,,,STATE,819.333,820.400,1.067,,
23_cage_p1,2024-10-04 13:49:52,,/Users/naylajimenez/Downloads/23_cage_p1_converted.mp4,2340.400,15.0,social_agent,facial sniffing,,,STATE,821.267,821.333,0.066,,
23_cage_p1,2024-10-04 13:49:52,,/Users/naylajimenez/Downloads/23_cage_p1_converted.mp4,2340.400,15.0,subject,facial sniffing,,,STATE,825.000,825.400,0.400,,
23_cage_p1,2024-10-04 13:49:52,,/Users/naylajimenez/Downloads/23_cage_p1_converted.mp4,2340.400,15.0,subject,facial sniffing,,,STATE,836.200,836.400,0.200,,
23_cage_p1,2024-10-04 13:49:52,,/Users/naylajimenez/Downloads/23_cage_p1_converted.mp4,2340.400,15.0,subject,facial sniffing,,,STATE,839.600,839.667,0.067,,
23_cage_p1,2024-10-04 13:49:52,,/Users/naylajimenez/Downloads/23_cage_p1_converted.mp4,2340.400,15.0,social_agent,facial sniffing,,,STATE,839.600,839.667,0.067,,
23_cage_p1,2024-10-04 13:49:52,,/Users/naylajimenez/Downloads/23_cage_p1_converted.mp4,2340.400,15.0,social_agent,anogenital sniffing,,,STATE,860.200,860.267,0.067,,
23_cage_p1,2024-10-04 13:49:52,,/Users/naylajimenez/Downloads/23_cage_p1_converted.mp4,2340.400,15.0,social_agent,facial sniffing,,,STATE,862.200,862.467,0.267,,
23_cage_p1,2024-10-04 13:49:52,,/Users/naylajimenez/Downloads/23_cage_p1_converted.mp4,2340.400,15.0,social_agent,anogenital sniffing,,,STATE,865.267,865.733,0.466,,
23_cage_p1,2024-10-04 13:49:52,,/Users/naylajimenez/Downloads/23_cage_p1_converted.mp4,2340.400,15.0,social_agent,fighting,,,STATE,866.267,866.667,0.400,,
23_cage_p1,2024-10-04 13:49:52,,/Users/naylajimenez/Downloads/23_cage_p1_converted.mp4,2340.400,15.0,social_agent,chasing,,,STATE,866.667,867.067,0.400,,
23_cage_p1,2024-10-04 13:49:52,,/Users/naylajimenez/Downloads/23_cage_p1_converted.mp4,2340.400,15.0,social_agent,chasing,,,STATE,867.600,867.667,0.067,,
23_cage_p1,2024-10-04 13:49:52,,/Users/naylajimenez/Downloads/23_cage_p1_converted.mp4,2340.400,15.0,social_agent,fighting,,,STATE,868.267,868.400,0.133,,
23_cage_p1,2024-10-04 13:49:52,,/Users/naylajimenez/Downloads/23_cage_p1_converted.mp4,2340.400,15.0,social_agent,chasing,,,STATE,868.400,868.799,0.399,,
23_cage_p1,2024-10-04 13:49:52,,/Users/naylajimenez/Downloads/23_cage_p1_converted.mp4,2340.400,15.0,social_agent,fighting,,,STATE,868.800,869.466,0.666,,
23_cage_p1,2024-10-04 13:49:52,,/Users/naylajimenez/Downloads/23_cage_p1_converted.mp4,2340.400,15.0,social_agent,chasing,,,STATE,869.467,869.932,0.465,,
23_cage_p1,2024-10-04 13:49:52,,/Users/naylajimenez/Downloads/23_cage_p1_converted.mp4,2340.400,15.0,social_agent,fighting,,,STATE,869.933,871.132,1.199,,
23_cage_p1,2024-10-04 13:49:52,,/Users/naylajimenez/Downloads/23_cage_p1_converted.mp4,2340.400,15.0,social_agent,chasing,,,STATE,871.133,871.666,0.533,,
23_cage_p1,2024-10-04 13:49:52,,/Users/naylajimenez/Downloads/23_cage_p1_converted.mp4,2340.400,15.0,social_agent,fighting,,,STATE,871.667,871.932,0.265,,
23_cage_p1,2024-10-04 13:49:52,,/Users/naylajimenez/Downloads/23_cage_p1_converted.mp4,2340.400,15.0,social_agent,fighting,,,STATE,873.067,879.133,6.066,,
23_cage_p1,2024-10-04 13:49:52,,/Users/naylajimenez/Downloads/23_cage_p1_converted.mp4,2340.400,15.0,subject,anogenital sniffing,,,STATE,883.067,883.200,0.133,,
23_cage_p1,2024-10-04 13:49:52,,/Users/naylajimenez/Downloads/23_cage_p1_converted.mp4,2340.400,15.0,subject,facial sniffing,,,STATE,884.400,884.467,0.067,,
23_cage_p1,2024-10-04 13:49:52,,/Users/naylajimenez/Downloads/23_cage_p1_converted.mp4,2340.400,15.0,social_agent,anogenital sniffing,,,STATE,888.667,889.000,0.333,,
23_cage_p1,2024-10-04 13:49:52,,/Users/naylajimenez/Downloads/23_cage_p1_converted.mp4,2340.400,15.0,subject,facial sniffing,,,STATE,891.867,892.000,0.133,,
23_cage_p1,2024-10-04 13:49:52,,/Users/naylajimenez/Downloads/23_cage_p1_converted.mp4,2340.400,15.0,social_agent,facial sniffing,,,STATE,892.067,892.200,0.133,,
23_cage_p1,2024-10-04 13:49:52,,/Users/naylajimenez/Downloads/23_cage_p1_converted.mp4,2340.400,15.0,social_agent,mice taken out,,,POINT,900.267,900.267,NA,,
23_cage_p1,2024-10-04 13:49:52,,/Users/naylajimenez/Downloads/23_cage_p1_converted.mp4,2340.400,15.0,social_agent,mice back in,,,POINT,962.667,962.667,NA,,
23_cage_p1,2024-10-04 13:49:52,,/Users/naylajimenez/Downloads/23_cage_p1_converted.mp4,2340.400,15.0,subject,facial sniffing,,,STATE,964.933,965.333,0.400,,
23_cage_p1,2024-10-04 13:49:52,,/Users/naylajimenez/Downloads/23_cage_p1_converted.mp4,2340.400,15.0,social_agent,facial sniffing,,,STATE,965.000,965.067,0.067,,
23_cage_p1,2024-10-04 13:49:52,,/Users/naylajimenez/Downloads/23_cage_p1_converted.mp4,2340.400,15.0,subject,facial sniffing,,,STATE,968.067,968.133,0.066,,
23_cage_p1,2024-10-04 13:49:52,,/Users/naylajimenez/Downloads/23_cage_p1_converted.mp4,2340.400,15.0,social_agent,facial sniffing,,,STATE,968.133,968.333,0.200,,
23_cage_p1,2024-10-04 13:49:52,,/Users/naylajimenez/Downloads/23_cage_p1_converted.mp4,2340.400,15.0,subject,anogenital sniffing,,,STATE,969.000,969.200,0.200,,
23_cage_p1,2024-10-04 13:49:52,,/Users/naylajimenez/Downloads/23_cage_p1_converted.mp4,2340.400,15.0,subject,anogenital sniffing,,,STATE,970.533,971.000,0.467,,
23_cage_p1,2024-10-04 13:49:52,,/Users/naylajimenez/Downloads/23_cage_p1_converted.mp4,2340.400,15.0,subject,anogenital sniffing,,,STATE,971.533,972.400,0.867,,
23_cage_p1,2024-10-04 13:49:52,,/Users/naylajimenez/Downloads/23_cage_p1_converted.mp4,2340.400,15.0,subject,anogenital sniffing,,,STATE,973.733,974.200,0.467,,
23_cage_p1,2024-10-04 13:49:52,,/Users/naylajimenez/Downloads/23_cage_p1_converted.mp4,2340.400,15.0,subject,facial sniffing,,,STATE,974.733,975.000,0.267,,
23_cage_p1,2024-10-04 13:49:52,,/Users/naylajimenez/Downloads/23_cage_p1_converted.mp4,2340.400,15.0,social_agent,facial sniffing,,,STATE,974.800,974.867,0.067,,
23_cage_p1,2024-10-04 13:49:52,,/Users/naylajimenez/Downloads/23_cage_p1_converted.mp4,2340.400,15.0,subject,anogenital sniffing,,,STATE,976.067,976.667,0.600,,
23_cage_p1,2024-10-04 13:49:52,,/Users/naylajimenez/Downloads/23_cage_p1_converted.mp4,2340.400,15.0,social_agent,anogenital sniffing,,,STATE,977.267,977.467,0.200,,
23_cage_p1,2024-10-04 13:49:52,,/Users/naylajimenez/Downloads/23_cage_p1_converted.mp4,2340.400,15.0,social_agent,fighting,,,STATE,977.467,977.867,0.400,,
23_cage_p1,2024-10-04 13:49:52,,/Users/naylajimenez/Downloads/23_cage_p1_converted.mp4,2340.400,15.0,social_agent,fighting,,,STATE,980.067,980.600,0.533,,
23_cage_p1,2024-10-04 13:49:52,,/Users/naylajimenez/Downloads/23_cage_p1_converted.mp4,2340.400,15.0,social_agent,chasing,,,STATE,980.867,981.333,0.466,,
23_cage_p1,2024-10-04 13:49:52,,/Users/naylajimenez/Downloads/23_cage_p1_converted.mp4,2340.400,15.0,social_agent,fighting,,,STATE,981.667,983.333,1.666,,
23_cage_p1,2024-10-04 13:49:52,,/Users/naylajimenez/Downloads/23_cage_p1_converted.mp4,2340.400,15.0,social_agent,fighting,,,STATE,983.933,984.133,0.200,,
23_cage_p1,2024-10-04 13:49:52,,/Users/naylajimenez/Downloads/23_cage_p1_converted.mp4,2340.400,15.0,social_agent,fighting,,,STATE,985.000,985.733,0.733,,
23_cage_p1,2024-10-04 13:49:52,,/Users/naylajimenez/Downloads/23_cage_p1_converted.mp4,2340.400,15.0,social_agent,fighting,,,STATE,986.133,988.800,2.667,,
23_cage_p1,2024-10-04 13:49:52,,/Users/naylajimenez/Downloads/23_cage_p1_converted.mp4,2340.400,15.0,social_agent,fighting,,,STATE,989.933,991.733,1.800,,
23_cage_p1,2024-10-04 13:49:52,,/Users/naylajimenez/Downloads/23_cage_p1_converted.mp4,2340.400,15.0,social_agent,chasing,,,STATE,992.400,992.933,0.533,,
23_cage_p1,2024-10-04 13:49:52,,/Users/naylajimenez/Downloads/23_cage_p1_converted.mp4,2340.400,15.0,social_agent,fighting,,,STATE,993.533,994.000,0.467,,
23_cage_p1,2024-10-04 13:49:52,,/Users/naylajimenez/Downloads/23_cage_p1_converted.mp4,2340.400,15.0,subject,anogenital sniffing,,,STATE,998.667,999.533,0.866,,
23_cage_p1,2024-10-04 13:49:52,,/Users/naylajimenez/Downloads/23_cage_p1_converted.mp4,2340.400,15.0,subject,facial sniffing,,,STATE,1000.667,1000.733,0.066,,
23_cage_p1,2024-10-04 13:49:52,,/Users/naylajimenez/Downloads/23_cage_p1_converted.mp4,2340.400,15.0,social_agent,facial sniffing,,,STATE,1000.667,1000.733,0.066,,
23_cage_p1,2024-10-04 13:49:52,,/Users/naylajimenez/Downloads/23_cage_p1_converted.mp4,2340.400,15.0,social_agent,anogenital sniffing,,,STATE,1001.533,1002.000,0.467,,
23_cage_p1,2024-10-04 13:49:52,,/Users/naylajimenez/Downloads/23_cage_p1_converted.mp4,2340.400,15.0,social_agent,fighting,,,STATE,1004.800,1005.333,0.533,,
23_cage_p1,2024-10-04 13:49:52,,/Users/naylajimenez/Downloads/23_cage_p1_converted.mp4,2340.400,15.0,subject,facial sniffing,,,STATE,1006.067,1006.267,0.200,,
23_cage_p1,2024-10-04 13:49:52,,/Users/naylajimenez/Downloads/23_cage_p1_converted.mp4,2340.400,15.0,social_agent,fighting,,,STATE,1006.800,1008.400,1.600,,
23_cage_p1,2024-10-04 13:49:52,,/Users/naylajimenez/Downloads/23_cage_p1_converted.mp4,2340.400,15.0,social_agent,chasing,,,STATE,1008.400,1009.400,1.000,,
23_cage_p1,2024-10-04 13:49:52,,/Users/naylajimenez/Downloads/23_cage_p1_converted.mp4,2340.400,15.0,social_agent,anogenital sniffing,,,STATE,1009.933,1010.066,0.133,,
23_cage_p1,2024-10-04 13:49:52,,/Users/naylajimenez/Downloads/23_cage_p1_converted.mp4,2340.400,15.0,social_agent,fighting,,,STATE,1010.067,1011.333,1.266,,
23_cage_p1,2024-10-04 13:49:52,,/Users/naylajimenez/Downloads/23_cage_p1_converted.mp4,2340.400,15.0,social_agent,fighting,,,STATE,1012.000,1012.467,0.467,,
23_cage_p1,2024-10-04 13:49:52,,/Users/naylajimenez/Downloads/23_cage_p1_converted.mp4,2340.400,15.0,subject,facial sniffing,,,STATE,1025.333,1025.467,0.134,,
23_cage_p1,2024-10-04 13:49:52,,/Users/naylajimenez/Downloads/23_cage_p1_converted.mp4,2340.400,15.0,social_agent,facial sniffing,,,STATE,1025.400,1025.533,0.133,,
23_cage_p1,2024-10-04 13:49:52,,/Users/naylajimenez/Downloads/23_cage_p1_converted.mp4,2340.400,15.0,social_agent,anogenital sniffing,,,STATE,1038.600,1038.933,0.333,,
23_cage_p1,2024-10-04 13:49:52,,/Users/naylajimenez/Downloads/23_cage_p1_converted.mp4,2340.400,15.0,subject,anogenital sniffing,,,STATE,1045.000,1045.067,0.067,,
23_cage_p1,2024-10-04 13:49:52,,/Users/naylajimenez/Downloads/23_cage_p1_converted.mp4,2340.400,15.0,social_agent,facial sniffing,,,STATE,1057.600,1057.667,0.067,,
23_cage_p1,2024-10-04 13:49:52,,/Users/naylajimenez/Downloads/23_cage_p1_converted.mp4,2340.400,15.0,social_agent,anogenital sniffing,,,STATE,1059.667,1059.933,0.266,,
23_cage_p1,2024-10-04 13:49:52,,/Users/naylajimenez/Downloads/23_cage_p1_converted.mp4,2340.400,15.0,subject,anogenital sniffing,,,STATE,1061.133,1061.200,0.067,,
23_cage_p1,2024-10-04 13:49:52,,/Users/naylajimenez/Downloads/23_cage_p1_converted.mp4,2340.400,15.0,social_agent,facial sniffing,,,STATE,1062.933,1063.200,0.267,,
23_cage_p1,2024-10-04 13:49:52,,/Users/naylajimenez/Downloads/23_cage_p1_converted.mp4,2340.400,15.0,social_agent,facial sniffing,,,STATE,1065.733,1066.000,0.267,,
23_cage_p1,2024-10-04 13:49:52,,/Users/naylajimenez/Downloads/23_cage_p1_converted.mp4,2340.400,15.0,social_agent,facial sniffing,,,STATE,1066.867,1067.467,0.600,,
23_cage_p1,2024-10-04 13:49:52,,/Users/naylajimenez/Downloads/23_cage_p1_converted.mp4,2340.400,15.0,subject,anogenital sniffing,,,STATE,1080.600,1081.400,0.800,,
23_cage_p1,2024-10-04 13:49:52,,/Users/naylajimenez/Downloads/23_cage_p1_converted.mp4,2340.400,15.0,subject,anogenital sniffing,,,STATE,1082.467,1085.467,3.000,,
23_cage_p1,2024-10-04 13:49:52,,/Users/naylajimenez/Downloads/23_cage_p1_converted.mp4,2340.400,15.0,subject,facial sniffing,,,STATE,1087.133,1087.600,0.467,,
23_cage_p1,2024-10-04 13:49:52,,/Users/naylajimenez/Downloads/23_cage_p1_converted.mp4,2340.400,15.0,subject,anogenital sniffing,,,STATE,1099.200,1099.667,0.467,,
23_cage_p1,2024-10-04 13:49:52,,/Users/naylajimenez/Downloads/23_cage_p1_converted.mp4,2340.400,15.0,social_agent,anogenital sniffing,,,STATE,1107.600,1107.733,0.133,,
23_cage_p1,2024-10-04 13:49:52,,/Users/naylajimenez/Downloads/23_cage_p1_converted.mp4,2340.400,15.0,social_agent,facial sniffing,,,STATE,1111.467,1111.533,0.066,,
23_cage_p1,2024-10-04 13:49:52,,/Users/naylajimenez/Downloads/23_cage_p1_converted.mp4,2340.400,15.0,subject,anogenital sniffing,,,STATE,1113.600,1113.867,0.267,,
23_cage_p1,2024-10-04 13:49:52,,/Users/naylajimenez/Downloads/23_cage_p1_converted.mp4,2340.400,15.0,social_agent,anogenital sniffing,,,STATE,1122.667,1122.800,0.133,,
23_cage_p1,2024-10-04 13:49:52,,/Users/naylajimenez/Downloads/23_cage_p1_converted.mp4,2340.400,15.0,subject,anogenital sniffing,,,STATE,1127.667,1128.200,0.533,,
23_cage_p1,2024-10-04 13:49:52,,/Users/naylajimenez/Downloads/23_cage_p1_converted.mp4,2340.400,15.0,subject,anogenital sniffing,,,STATE,1139.600,1139.667,0.067,,
23_cage_p1,2024-10-04 13:49:52,,/Users/naylajimenez/Downloads/23_cage_p1_converted.mp4,2340.400,15.0,subject,anogenital sniffing,,,STATE,1145.133,1145.200,0.067,,
23_cage_p1,2024-10-04 13:49:52,,/Users/naylajimenez/Downloads/23_cage_p1_converted.mp4,2340.400,15.0,subject,facial sniffing,,,STATE,1146.533,1146.600,0.067,,
23_cage_p1,2024-10-04 13:49:52,,/Users/naylajimenez/Downloads/23_cage_p1_converted.mp4,2340.400,15.0,subject,facial sniffing,,,STATE,1147.600,1147.667,0.067,,
23_cage_p1,2024-10-04 13:49:52,,/Users/naylajimenez/Downloads/23_cage_p1_converted.mp4,2340.400,15.0,subject,facial sniffing,,,STATE,1149.400,1149.733,0.333,,
23_cage_p1,2024-10-04 13:49:52,,/Users/naylajimenez/Downloads/23_cage_p1_converted.mp4,2340.400,15.0,social_agent,facial sniffing,,,STATE,1149.467,1149.800,0.333,,
23_cage_p1,2024-10-04 13:49:52,,/Users/naylajimenez/Downloads/23_cage_p1_converted.mp4,2340.400,15.0,subject,anogenital sniffing,,,STATE,1150.333,1150.467,0.134,,
23_cage_p1,2024-10-04 13:49:52,,/Users/naylajimenez/Downloads/23_cage_p1_converted.mp4,2340.400,15.0,subject,facial sniffing,,,STATE,1152.600,1152.667,0.067,,
23_cage_p1,2024-10-04 13:49:52,,/Users/naylajimenez/Downloads/23_cage_p1_converted.mp4,2340.400,15.0,social_agent,facial sniffing,,,STATE,1152.667,1152.733,0.066,,
23_cage_p1,2024-10-04 13:49:52,,/Users/naylajimenez/Downloads/23_cage_p1_converted.mp4,2340.400,15.0,subject,facial sniffing,,,STATE,1156.600,1156.667,0.067,,
23_cage_p1,2024-10-04 13:49:52,,/Users/naylajimenez/Downloads/23_cage_p1_converted.mp4,2340.400,15.0,subject,facial sniffing,,,STATE,1158.533,1158.600,0.067,,
23_cage_p1,2024-10-04 13:49:52,,/Users/naylajimenez/Downloads/23_cage_p1_converted.mp4,2340.400,15.0,social_agent,facial sniffing,,,STATE,1158.800,1158.867,0.067,,
23_cage_p1,2024-10-04 13:49:52,,/Users/naylajimenez/Downloads/23_cage_p1_converted.mp4,2340.400,15.0,subject,anogenital sniffing,,,STATE,1159.867,1160.133,0.266,,
23_cage_p1,2024-10-04 13:49:52,,/Users/naylajimenez/Downloads/23_cage_p1_converted.mp4,2340.400,15.0,social_agent,anogenital sniffing,,,STATE,1171.600,1171.667,0.067,,
23_cage_p1,2024-10-04 13:49:52,,/Users/naylajimenez/Downloads/23_cage_p1_converted.mp4,2340.400,15.0,subject,facial sniffing,,,STATE,1172.800,1173.067,0.267,,
23_cage_p1,2024-10-04 13:49:52,,/Users/naylajimenez/Downloads/23_cage_p1_converted.mp4,2340.400,15.0,social_agent,facial sniffing,,,STATE,1172.800,1173.067,0.267,,
23_cage_p1,2024-10-04 13:49:52,,/Users/naylajimenez/Downloads/23_cage_p1_converted.mp4,2340.400,15.0,subject,facial sniffing,,,STATE,1173.600,1173.800,0.200,,
23_cage_p1,2024-10-04 13:49:52,,/Users/naylajimenez/Downloads/23_cage_p1_converted.mp4,2340.400,15.0,social_agent,anogenital sniffing,,,STATE,1177.867,1178.067,0.200,,
23_cage_p1,2024-10-04 13:49:52,,/Users/naylajimenez/Downloads/23_cage_p1_converted.mp4,2340.400,15.0,social_agent,anogenital sniffing,,,STATE,1179.333,1179.400,0.067,,
23_cage_p1,2024-10-04 13:49:52,,/Users/naylajimenez/Downloads/23_cage_p1_converted.mp4,2340.400,15.0,subject,facial sniffing,,,STATE,1180.067,1180.267,0.200,,
23_cage_p1,2024-10-04 13:49:52,,/Users/naylajimenez/Downloads/23_cage_p1_converted.mp4,2340.400,15.0,subject,facial sniffing,,,STATE,1181.200,1181.333,0.133,,
23_cage_p1,2024-10-04 13:49:52,,/Users/naylajimenez/Downloads/23_cage_p1_converted.mp4,2340.400,15.0,subject,facial sniffing,,,STATE,1186.133,1186.400,0.267,,
23_cage_p1,2024-10-04 13:49:52,,/Users/naylajimenez/Downloads/23_cage_p1_converted.mp4,2340.400,15.0,subject,anogenital sniffing,,,STATE,1188.067,1188.133,0.066,,
23_cage_p1,2024-10-04 13:49:52,,/Users/naylajimenez/Downloads/23_cage_p1_converted.mp4,2340.400,15.0,subject,facial sniffing,,,STATE,1204.400,1204.467,0.067,,
23_cage_p1,2024-10-04 13:49:52,,/Users/naylajimenez/Downloads/23_cage_p1_converted.mp4,2340.400,15.0,subject,facial sniffing,,,STATE,1207.000,1207.533,0.533,,
23_cage_p1,2024-10-04 13:49:52,,/Users/naylajimenez/Downloads/23_cage_p1_converted.mp4,2340.400,15.0,social_agent,facial sniffing,,,STATE,1207.600,1207.800,0.200,,
23_cage_p1,2024-10-04 13:49:52,,/Users/naylajimenez/Downloads/23_cage_p1_converted.mp4,2340.400,15.0,subject,anogenital sniffing,,,STATE,1216.333,1216.400,0.067,,
23_cage_p1,2024-10-04 13:49:52,,/Users/naylajimenez/Downloads/23_cage_p1_converted.mp4,2340.400,15.0,subject,anogenital sniffing,,,STATE,1229.267,1229.333,0.066,,
23_cage_p1,2024-10-04 13:49:52,,/Users/naylajimenez/Downloads/23_cage_p1_converted.mp4,2340.400,15.0,subject,anogenital sniffing,,,STATE,1233.267,1233.333,0.066,,
23_cage_p1,2024-10-04 13:49:52,,/Users/naylajimenez/Downloads/23_cage_p1_converted.mp4,2340.400,15.0,subject,anogenital sniffing,,,STATE,1238.733,1238.800,0.067,,
23_cage_p1,2024-10-04 13:49:52,,/Users/naylajimenez/Downloads/23_cage_p1_converted.mp4,2340.400,15.0,subject,anogenital sniffing,,,STATE,1240.333,1240.467,0.134,,
23_cage_p1,2024-10-04 13:49:52,,/Users/naylajimenez/Downloads/23_cage_p1_converted.mp4,2340.400,15.0,social_agent,facial sniffing,,,STATE,1250.400,1250.867,0.467,,
23_cage_p1,2024-10-04 13:49:52,,/Users/naylajimenez/Downloads/23_cage_p1_converted.mp4,2340.400,15.0,social_agent,facial sniffing,,,STATE,1253.333,1253.400,0.067,,
23_cage_p1,2024-10-04 13:49:52,,/Users/naylajimenez/Downloads/23_cage_p1_converted.mp4,2340.400,15.0,social_agent,facial sniffing,,,STATE,1258.400,1258.467,0.067,,
23_cage_p1,2024-10-04 13:49:52,,/Users/naylajimenez/Downloads/23_cage_p1_converted.mp4,2340.400,15.0,subject,anogenital sniffing,,,STATE,1260.600,1260.733,0.133,,
23_cage_p1,2024-10-04 13:49:52,,/Users/naylajimenez/Downloads/23_cage_p1_converted.mp4,2340.400,15.0,social_agent,mice taken out,,,POINT,1260.800,1260.800,NA,,
23_cage_p1,2024-10-04 13:49:52,,/Users/naylajimenez/Downloads/23_cage_p1_converted.mp4,2340.400,15.0,subject,fighting,,,STATE,1323.733,1324.799,1.066,,
23_cage_p1,2024-10-04 13:49:52,,/Users/naylajimenez/Downloads/23_cage_p1_converted.mp4,2340.400,15.0,social_agent,mice back in,,,POINT,1323.733,1323.733,NA,,
23_cage_p1,2024-10-04 13:49:52,,/Users/naylajimenez/Downloads/23_cage_p1_converted.mp4,2340.400,15.0,subject,anogenital sniffing,,,STATE,1324.800,1326.067,1.267,,
23_cage_p1,2024-10-04 13:49:52,,/Users/naylajimenez/Downloads/23_cage_p1_converted.mp4,2340.400,15.0,subject,anogenital sniffing,,,STATE,1327.800,1327.867,0.067,,
23_cage_p1,2024-10-04 13:49:52,,/Users/naylajimenez/Downloads/23_cage_p1_converted.mp4,2340.400,15.0,social_agent,fighting,,,STATE,1330.667,1332.133,1.466,,
23_cage_p1,2024-10-04 13:49:52,,/Users/naylajimenez/Downloads/23_cage_p1_converted.mp4,2340.400,15.0,social_agent,fighting,,,STATE,1332.467,1338.000,5.533,,
23_cage_p1,2024-10-04 13:49:52,,/Users/naylajimenez/Downloads/23_cage_p1_converted.mp4,2340.400,15.0,subject,facial sniffing,,,STATE,1338.200,1339.067,0.867,,
23_cage_p1,2024-10-04 13:49:52,,/Users/naylajimenez/Downloads/23_cage_p1_converted.mp4,2340.400,15.0,social_agent,facial sniffing,,,STATE,1338.400,1338.533,0.133,,
23_cage_p1,2024-10-04 13:49:52,,/Users/naylajimenez/Downloads/23_cage_p1_converted.mp4,2340.400,15.0,subject,anogenital sniffing,,,STATE,1341.133,1341.600,0.467,,
23_cage_p1,2024-10-04 13:49:52,,/Users/naylajimenez/Downloads/23_cage_p1_converted.mp4,2340.400,15.0,social_agent,facial sniffing,,,STATE,1344.400,1344.467,0.067,,
23_cage_p1,2024-10-04 13:49:52,,/Users/naylajimenez/Downloads/23_cage_p1_converted.mp4,2340.400,15.0,subject,facial sniffing,,,STATE,1353.067,1355.733,2.666,,
23_cage_p1,2024-10-04 13:49:52,,/Users/naylajimenez/Downloads/23_cage_p1_converted.mp4,2340.400,15.0,subject,anogenital sniffing,,,STATE,1356.333,1361.267,4.934,,
23_cage_p1,2024-10-04 13:49:52,,/Users/naylajimenez/Downloads/23_cage_p1_converted.mp4,2340.400,15.0,subject,anogenital sniffing,,,STATE,1363.933,1365.067,1.134,,
23_cage_p1,2024-10-04 13:49:52,,/Users/naylajimenez/Downloads/23_cage_p1_converted.mp4,2340.400,15.0,social_agent,facial sniffing,,,STATE,1371.467,1371.600,0.133,,
23_cage_p1,2024-10-04 13:49:52,,/Users/naylajimenez/Downloads/23_cage_p1_converted.mp4,2340.400,15.0,subject,facial sniffing,,,STATE,1371.600,1372.467,0.867,,
23_cage_p1,2024-10-04 13:49:52,,/Users/naylajimenez/Downloads/23_cage_p1_converted.mp4,2340.400,15.0,social_agent,facial sniffing,,,STATE,1378.467,1378.600,0.133,,
23_cage_p1,2024-10-04 13:49:52,,/Users/naylajimenez/Downloads/23_cage_p1_converted.mp4,2340.400,15.0,social_agent,anogenital sniffing,,,STATE,1379.200,1379.400,0.200,,
23_cage_p1,2024-10-04 13:49:52,,/Users/naylajimenez/Downloads/23_cage_p1_converted.mp4,2340.400,15.0,subject,facial sniffing,,,STATE,1380.800,1381.133,0.333,,
23_cage_p1,2024-10-04 13:49:52,,/Users/naylajimenez/Downloads/23_cage_p1_converted.mp4,2340.400,15.0,social_agent,facial sniffing,,,STATE,1381.000,1381.133,0.133,,
23_cage_p1,2024-10-04 13:49:52,,/Users/naylajimenez/Downloads/23_cage_p1_converted.mp4,2340.400,15.0,subject,anogenital sniffing,,,STATE,1398.867,1398.933,0.066,,
23_cage_p1,2024-10-04 13:49:52,,/Users/naylajimenez/Downloads/23_cage_p1_converted.mp4,2340.400,15.0,social_agent,facial sniffing,,,STATE,1411.600,1411.667,0.067,,
23_cage_p1,2024-10-04 13:49:52,,/Users/naylajimenez/Downloads/23_cage_p1_converted.mp4,2340.400,15.0,social_agent,facial sniffing,,,STATE,1416.200,1416.533,0.333,,
23_cage_p1,2024-10-04 13:49:52,,/Users/naylajimenez/Downloads/23_cage_p1_converted.mp4,2340.400,15.0,subject,facial sniffing,,,STATE,1416.267,1416.400,0.133,,
23_cage_p1,2024-10-04 13:49:52,,/Users/naylajimenez/Downloads/23_cage_p1_converted.mp4,2340.400,15.0,social_agent,facial sniffing,,,STATE,1429.000,1429.400,0.400,,
23_cage_p1,2024-10-04 13:49:52,,/Users/naylajimenez/Downloads/23_cage_p1_converted.mp4,2340.400,15.0,subject,facial sniffing,,,STATE,1429.133,1429.333,0.200,,
23_cage_p1,2024-10-04 13:49:52,,/Users/naylajimenez/Downloads/23_cage_p1_converted.mp4,2340.400,15.0,social_agent,anogenital sniffing,,,STATE,1435.800,1435.867,0.067,,
23_cage_p1,2024-10-04 13:49:52,,/Users/naylajimenez/Downloads/23_cage_p1_converted.mp4,2340.400,15.0,subject,facial sniffing,,,STATE,1436.800,1437.133,0.333,,
23_cage_p1,2024-10-04 13:49:52,,/Users/naylajimenez/Downloads/23_cage_p1_converted.mp4,2340.400,15.0,social_agent,facial sniffing,,,STATE,1436.800,1437.000,0.200,,
23_cage_p1,2024-10-04 13:49:52,,/Users/naylajimenez/Downloads/23_cage_p1_converted.mp4,2340.400,15.0,social_agent,anogenital sniffing,,,STATE,1477.133,1477.667,0.534,,
23_cage_p1,2024-10-04 13:49:52,,/Users/naylajimenez/Downloads/23_cage_p1_converted.mp4,2340.400,15.0,subject,anogenital sniffing,,,STATE,1489.933,1490.000,0.067,,
23_cage_p1,2024-10-04 13:49:52,,/Users/naylajimenez/Downloads/23_cage_p1_converted.mp4,2340.400,15.0,social_agent,facial sniffing,,,STATE,1491.067,1491.200,0.133,,
23_cage_p1,2024-10-04 13:49:52,,/Users/naylajimenez/Downloads/23_cage_p1_converted.mp4,2340.400,15.0,subject,facial sniffing,,,STATE,1516.667,1520.533,3.866,,
23_cage_p1,2024-10-04 13:49:52,,/Users/naylajimenez/Downloads/23_cage_p1_converted.mp4,2340.400,15.0,social_agent,facial sniffing,,,STATE,1518.333,1518.400,0.067,,
23_cage_p1,2024-10-04 13:49:52,,/Users/naylajimenez/Downloads/23_cage_p1_converted.mp4,2340.400,15.0,subject,facial sniffing,,,STATE,1523.933,1524.067,0.134,,
23_cage_p1,2024-10-04 13:49:52,,/Users/naylajimenez/Downloads/23_cage_p1_converted.mp4,2340.400,15.0,subject,facial sniffing,,,STATE,1529.467,1529.600,0.133,,
23_cage_p1,2024-10-04 13:49:52,,/Users/naylajimenez/Downloads/23_cage_p1_converted.mp4,2340.400,15.0,subject,facial sniffing,,,STATE,1532.267,1534.667,2.400,,
23_cage_p1,2024-10-04 13:49:52,,/Users/naylajimenez/Downloads/23_cage_p1_converted.mp4,2340.400,15.0,social_agent,facial sniffing,,,STATE,1533.933,1534.133,0.200,,
23_cage_p1,2024-10-04 13:49:52,,/Users/naylajimenez/Downloads/23_cage_p1_converted.mp4,2340.400,15.0,subject,facial sniffing,,,STATE,1543.333,1543.467,0.134,,
23_cage_p1,2024-10-04 13:49:52,,/Users/naylajimenez/Downloads/23_cage_p1_converted.mp4,2340.400,15.0,subject,anogenital sniffing,,,STATE,1548.867,1549.000,0.133,,
23_cage_p1,2024-10-04 13:49:52,,/Users/naylajimenez/Downloads/23_cage_p1_converted.mp4,2340.400,15.0,subject,facial sniffing,,,STATE,1555.400,1555.467,0.067,,
23_cage_p1,2024-10-04 13:49:52,,/Users/naylajimenez/Downloads/23_cage_p1_converted.mp4,2340.400,15.0,social_agent,facial sniffing,,,STATE,1555.400,1555.467,0.067,,
23_cage_p1,2024-10-04 13:49:52,,/Users/naylajimenez/Downloads/23_cage_p1_converted.mp4,2340.400,15.0,subject,anogenital sniffing,,,STATE,1575.067,1575.600,0.533,,
23_cage_p1,2024-10-04 13:49:52,,/Users/naylajimenez/Downloads/23_cage_p1_converted.mp4,2340.400,15.0,social_agent,facial sniffing,,,STATE,1585.400,1585.800,0.400,,
23_cage_p1,2024-10-04 13:49:52,,/Users/naylajimenez/Downloads/23_cage_p1_converted.mp4,2340.400,15.0,subject,facial sniffing,,,STATE,1585.600,1585.667,0.067,,
23_cage_p1,2024-10-04 13:49:52,,/Users/naylajimenez/Downloads/23_cage_p1_converted.mp4,2340.400,15.0,subject,facial sniffing,,,STATE,1597.533,1598.067,0.534,,
23_cage_p1,2024-10-04 13:49:52,,/Users/naylajimenez/Downloads/23_cage_p1_converted.mp4,2340.400,15.0,social_agent,facial sniffing,,,STATE,1598.067,1598.133,0.066,,
23_cage_p1,2024-10-04 13:49:52,,/Users/naylajimenez/Downloads/23_cage_p1_converted.mp4,2340.400,15.0,social_agent,anogenital sniffing,,,STATE,1601.000,1601.067,0.067,,
23_cage_p1,2024-10-04 13:49:52,,/Users/naylajimenez/Downloads/23_cage_p1_converted.mp4,2340.400,15.0,social_agent,facial sniffing,,,STATE,1602.133,1602.200,0.067,,
23_cage_p1,2024-10-04 13:49:52,,/Users/naylajimenez/Downloads/23_cage_p1_converted.mp4,2340.400,15.0,subject,anogenital sniffing,,,STATE,1608.867,1609.000,0.133,,
23_cage_p1,2024-10-04 13:49:52,,/Users/naylajimenez/Downloads/23_cage_p1_converted.mp4,2340.400,15.0,social_agent,mice taken out,,,POINT,1623.267,1623.267,NA,,
23_cage_p1,2024-10-04 13:49:52,,/Users/naylajimenez/Downloads/23_cage_p1_converted.mp4,2340.400,15.0,social_agent,mice back in,,,POINT,1683.467,1683.467,NA,,
23_cage_p1,2024-10-04 13:49:52,,/Users/naylajimenez/Downloads/23_cage_p1_converted.mp4,2340.400,15.0,subject,anogenital sniffing,,,STATE,1684.133,1684.267,0.134,,
23_cage_p1,2024-10-04 13:49:52,,/Users/naylajimenez/Downloads/23_cage_p1_converted.mp4,2340.400,15.0,subject,anogenital sniffing,,,STATE,1685.200,1685.867,0.667,,
23_cage_p1,2024-10-04 13:49:52,,/Users/naylajimenez/Downloads/23_cage_p1_converted.mp4,2340.400,15.0,subject,anogenital sniffing,,,STATE,1692.733,1693.200,0.467,,
23_cage_p1,2024-10-04 13:49:52,,/Users/naylajimenez/Downloads/23_cage_p1_converted.mp4,2340.400,15.0,subject,anogenital sniffing,,,STATE,1693.867,1694.733,0.866,,
23_cage_p1,2024-10-04 13:49:52,,/Users/naylajimenez/Downloads/23_cage_p1_converted.mp4,2340.400,15.0,subject,facial sniffing,,,STATE,1695.267,1695.533,0.266,,
23_cage_p1,2024-10-04 13:49:52,,/Users/naylajimenez/Downloads/23_cage_p1_converted.mp4,2340.400,15.0,subject,anogenital sniffing,,,STATE,1696.333,1696.600,0.267,,
23_cage_p1,2024-10-04 13:49:52,,/Users/naylajimenez/Downloads/23_cage_p1_converted.mp4,2340.400,15.0,subject,facial sniffing,,,STATE,1697.133,1697.667,0.534,,
23_cage_p1,2024-10-04 13:49:52,,/Users/naylajimenez/Downloads/23_cage_p1_converted.mp4,2340.400,15.0,subject,anogenital sniffing,,,STATE,1699.000,1700.200,1.200,,
23_cage_p1,2024-10-04 13:49:52,,/Users/naylajimenez/Downloads/23_cage_p1_converted.mp4,2340.400,15.0,subject,facial sniffing,,,STATE,1700.867,1701.933,1.066,,
23_cage_p1,2024-10-04 13:49:52,,/Users/naylajimenez/Downloads/23_cage_p1_converted.mp4,2340.400,15.0,subject,anogenital sniffing,,,STATE,1702.600,1703.800,1.200,,
23_cage_p1,2024-10-04 13:49:52,,/Users/naylajimenez/Downloads/23_cage_p1_converted.mp4,2340.400,15.0,social_agent,facial sniffing,,,STATE,1705.467,1706.133,0.666,,
23_cage_p1,2024-10-04 13:49:52,,/Users/naylajimenez/Downloads/23_cage_p1_converted.mp4,2340.400,15.0,subject,facial sniffing,,,STATE,1705.733,1707.800,2.067,,
23_cage_p1,2024-10-04 13:49:52,,/Users/naylajimenez/Downloads/23_cage_p1_converted.mp4,2340.400,15.0,subject,anogenital sniffing,,,STATE,1708.133,1710.533,2.400,,
23_cage_p1,2024-10-04 13:49:52,,/Users/naylajimenez/Downloads/23_cage_p1_converted.mp4,2340.400,15.0,subject,anogenital sniffing,,,STATE,1712.267,1714.067,1.800,,
23_cage_p1,2024-10-04 13:49:52,,/Users/naylajimenez/Downloads/23_cage_p1_converted.mp4,2340.400,15.0,subject,anogenital sniffing,,,STATE,1718.133,1718.400,0.267,,
23_cage_p1,2024-10-04 13:49:52,,/Users/naylajimenez/Downloads/23_cage_p1_converted.mp4,2340.400,15.0,subject,facial sniffing,,,STATE,1732.667,1733.800,1.133,,
23_cage_p1,2024-10-04 13:49:52,,/Users/naylajimenez/Downloads/23_cage_p1_converted.mp4,2340.400,15.0,subject,facial sniffing,,,STATE,1735.333,1735.600,0.267,,
23_cage_p1,2024-10-04 13:49:52,,/Users/naylajimenez/Downloads/23_cage_p1_converted.mp4,2340.400,15.0,subject,facial sniffing,,,STATE,1748.267,1748.333,0.066,,
23_cage_p1,2024-10-04 13:49:52,,/Users/naylajimenez/Downloads/23_cage_p1_converted.mp4,2340.400,15.0,social_agent,facial sniffing,,,STATE,1748.267,1748.333,0.066,,
23_cage_p1,2024-10-04 13:49:52,,/Users/naylajimenez/Downloads/23_cage_p1_converted.mp4,2340.400,15.0,subject,facial sniffing,,,STATE,1765.200,1765.267,0.067,,
23_cage_p1,2024-10-04 13:49:52,,/Users/naylajimenez/Downloads/23_cage_p1_converted.mp4,2340.400,15.0,social_agent,facial sniffing,,,STATE,1765.200,1765.267,0.067,,
23_cage_p1,2024-10-04 13:49:52,,/Users/naylajimenez/Downloads/23_cage_p1_converted.mp4,2340.400,15.0,social_agent,anogenital sniffing,,,STATE,1774.333,1774.533,0.200,,
23_cage_p1,2024-10-04 13:49:52,,/Users/naylajimenez/Downloads/23_cage_p1_converted.mp4,2340.400,15.0,subject,facial sniffing,,,STATE,1782.400,1782.667,0.267,,
23_cage_p1,2024-10-04 13:49:52,,/Users/naylajimenez/Downloads/23_cage_p1_converted.mp4,2340.400,15.0,social_agent,facial sniffing,,,STATE,1782.400,1782.533,0.133,,
23_cage_p1,2024-10-04 13:49:52,,/Users/naylajimenez/Downloads/23_cage_p1_converted.mp4,2340.400,15.0,subject,anogenital sniffing,,,STATE,1783.600,1784.333,0.733,,
23_cage_p1,2024-10-04 13:49:52,,/Users/naylajimenez/Downloads/23_cage_p1_converted.mp4,2340.400,15.0,subject,facial sniffing,,,STATE,1786.533,1787.866,1.333,,
23_cage_p1,2024-10-04 13:49:52,,/Users/naylajimenez/Downloads/23_cage_p1_converted.mp4,2340.400,15.0,subject,anogenital sniffing,,,STATE,1787.867,1788.133,0.266,,
23_cage_p1,2024-10-04 13:49:52,,/Users/naylajimenez/Downloads/23_cage_p1_converted.mp4,2340.400,15.0,social_agent,fighting,,,STATE,1800.000,1804.066,4.066,,
23_cage_p1,2024-10-04 13:49:52,,/Users/naylajimenez/Downloads/23_cage_p1_converted.mp4,2340.400,15.0,social_agent,fighting,,,STATE,1804.333,1807.333,3.000,,
23_cage_p1,2024-10-04 13:49:52,,/Users/naylajimenez/Downloads/23_cage_p1_converted.mp4,2340.400,15.0,social_agent,fighting,,,STATE,1808.000,1813.000,5.000,,
23_cage_p1,2024-10-04 13:49:52,,/Users/naylajimenez/Downloads/23_cage_p1_converted.mp4,2340.400,15.0,social_agent,fighting,,,STATE,1813.400,1814.667,1.267,,
23_cage_p1,2024-10-04 13:49:52,,/Users/naylajimenez/Downloads/23_cage_p1_converted.mp4,2340.400,15.0,social_agent,facial sniffing,,,STATE,1818.600,1819.400,0.800,,
23_cage_p1,2024-10-04 13:49:52,,/Users/naylajimenez/Downloads/23_cage_p1_converted.mp4,2340.400,15.0,subject,facial sniffing,,,STATE,1818.667,1818.867,0.200,,
23_cage_p1,2024-10-04 13:49:52,,/Users/naylajimenez/Downloads/23_cage_p1_converted.mp4,2340.400,15.0,social_agent,anogenital sniffing,,,STATE,1822.933,1823.600,0.667,,
23_cage_p1,2024-10-04 13:49:52,,/Users/naylajimenez/Downloads/23_cage_p1_converted.mp4,2340.400,15.0,subject,anogenital sniffing,,,STATE,1824.000,1824.067,0.067,,
23_cage_p1,2024-10-04 13:49:52,,/Users/naylajimenez/Downloads/23_cage_p1_converted.mp4,2340.400,15.0,social_agent,fighting,,,STATE,1824.067,1824.733,0.666,,
23_cage_p1,2024-10-04 13:49:52,,/Users/naylajimenez/Downloads/23_cage_p1_converted.mp4,2340.400,15.0,social_agent,fighting,,,STATE,1825.067,1826.200,1.133,,
23_cage_p1,2024-10-04 13:49:52,,/Users/naylajimenez/Downloads/23_cage_p1_converted.mp4,2340.400,15.0,social_agent,fighting,,,STATE,1827.600,1827.933,0.333,,
23_cage_p1,2024-10-04 13:49:52,,/Users/naylajimenez/Downloads/23_cage_p1_converted.mp4,2340.400,15.0,social_agent,fighting,,,STATE,1828.333,1828.867,0.534,,
23_cage_p1,2024-10-04 13:49:52,,/Users/naylajimenez/Downloads/23_cage_p1_converted.mp4,2340.400,15.0,social_agent,fighting,,,STATE,1829.333,1829.733,0.400,,
23_cage_p1,2024-10-04 13:49:52,,/Users/naylajimenez/Downloads/23_cage_p1_converted.mp4,2340.400,15.0,social_agent,fighting,,,STATE,1831.533,1832.133,0.600,,
23_cage_p1,2024-10-04 13:49:52,,/Users/naylajimenez/Downloads/23_cage_p1_converted.mp4,2340.400,15.0,subject,facial sniffing,,,STATE,1843.000,1843.267,0.267,,
23_cage_p1,2024-10-04 13:49:52,,/Users/naylajimenez/Downloads/23_cage_p1_converted.mp4,2340.400,15.0,social_agent,facial sniffing,,,STATE,1843.000,1843.067,0.067,,
23_cage_p1,2024-10-04 13:49:52,,/Users/naylajimenez/Downloads/23_cage_p1_converted.mp4,2340.400,15.0,social_agent,facial sniffing,,,STATE,1843.333,1843.400,0.067,,
23_cage_p1,2024-10-04 13:49:52,,/Users/naylajimenez/Downloads/23_cage_p1_converted.mp4,2340.400,15.0,subject,anogenital sniffing,,,STATE,1858.333,1859.067,0.734,,
23_cage_p1,2024-10-04 13:49:52,,/Users/naylajimenez/Downloads/23_cage_p1_converted.mp4,2340.400,15.0,social_agent,anogenital sniffing,,,STATE,1875.600,1876.133,0.533,,
23_cage_p1,2024-10-04 13:49:52,,/Users/naylajimenez/Downloads/23_cage_p1_converted.mp4,2340.400,15.0,social_agent,anogenital sniffing,,,STATE,1876.533,1876.600,0.067,,
23_cage_p1,2024-10-04 13:49:52,,/Users/naylajimenez/Downloads/23_cage_p1_converted.mp4,2340.400,15.0,subject,anogenital sniffing,,,STATE,1881.933,1882.333,0.400,,
23_cage_p1,2024-10-04 13:49:52,,/Users/naylajimenez/Downloads/23_cage_p1_converted.mp4,2340.400,15.0,social_agent,anogenital sniffing,,,STATE,1924.133,1924.733,0.600,,
23_cage_p1,2024-10-04 13:49:52,,/Users/naylajimenez/Downloads/23_cage_p1_converted.mp4,2340.400,15.0,subject,anogenital sniffing,,,STATE,1925.133,1925.333,0.200,,
23_cage_p1,2024-10-04 13:49:52,,/Users/naylajimenez/Downloads/23_cage_p1_converted.mp4,2340.400,15.0,subject,anogenital sniffing,,,STATE,1928.800,1929.133,0.333,,
23_cage_p1,2024-10-04 13:49:52,,/Users/naylajimenez/Downloads/23_cage_p1_converted.mp4,2340.400,15.0,subject,anogenital sniffing,,,STATE,1931.667,1932.467,0.800,,
23_cage_p1,2024-10-04 13:49:52,,/Users/naylajimenez/Downloads/23_cage_p1_converted.mp4,2340.400,15.0,subject,anogenital sniffing,,,STATE,1933.333,1934.133,0.800,,
23_cage_p1,2024-10-04 13:49:52,,/Users/naylajimenez/Downloads/23_cage_p1_converted.mp4,2340.400,15.0,subject,anogenital sniffing,,,STATE,1935.667,1935.800,0.133,,
23_cage_p1,2024-10-04 13:49:52,,/Users/naylajimenez/Downloads/23_cage_p1_converted.mp4,2340.400,15.0,subject,facial sniffing,,,STATE,1936.200,1936.733,0.533,,
23_cage_p1,2024-10-04 13:49:52,,/Users/naylajimenez/Downloads/23_cage_p1_converted.mp4,2340.400,15.0,subject,anogenital sniffing,,,STATE,1944.800,1944.933,0.133,,
23_cage_p1,2024-10-04 13:49:52,,/Users/naylajimenez/Downloads/23_cage_p1_converted.mp4,2340.400,15.0,subject,anogenital sniffing,,,STATE,1946.467,1946.733,0.266,,
23_cage_p1,2024-10-04 13:49:52,,/Users/naylajimenez/Downloads/23_cage_p1_converted.mp4,2340.400,15.0,subject,facial sniffing,,,STATE,1948.467,1949.667,1.200,,
23_cage_p1,2024-10-04 13:49:52,,/Users/naylajimenez/Downloads/23_cage_p1_converted.mp4,2340.400,15.0,social_agent,facial sniffing,,,STATE,1949.733,1949.800,0.067,,
23_cage_p1,2024-10-04 13:49:52,,/Users/naylajimenez/Downloads/23_cage_p1_converted.mp4,2340.400,15.0,subject,facial sniffing,,,STATE,1951.667,1951.867,0.200,,
23_cage_p1,2024-10-04 13:49:52,,/Users/naylajimenez/Downloads/23_cage_p1_converted.mp4,2340.400,15.0,subject,facial sniffing,,,STATE,1966.400,1966.467,0.067,,
23_cage_p1,2024-10-04 13:49:52,,/Users/naylajimenez/Downloads/23_cage_p1_converted.mp4,2340.400,15.0,subject,facial sniffing,,,STATE,1971.800,1971.867,0.067,,
23_cage_p1,2024-10-04 13:49:52,,/Users/naylajimenez/Downloads/23_cage_p1_converted.mp4,2340.400,15.0,social_agent,facial sniffing,,,STATE,1971.800,1971.867,0.067,,
23_cage_p1,2024-10-04 13:49:52,,/Users/naylajimenez/Downloads/23_cage_p1_converted.mp4,2340.400,15.0,social_agent,facial sniffing,,,STATE,1972.733,1972.800,0.067,,
23_cage_p1,2024-10-04 13:49:52,,/Users/naylajimenez/Downloads/23_cage_p1_converted.mp4,2340.400,15.0,subject,anogenital sniffing,,,STATE,1973.933,1974.067,0.134,,
23_cage_p1,2024-10-04 13:49:52,,/Users/naylajimenez/Downloads/23_cage_p1_converted.mp4,2340.400,15.0,social_agent,mice taken out,,,POINT,1980.200,1980.200,NA,,
23_cage_p1,2024-10-04 13:49:52,,/Users/naylajimenez/Downloads/23_cage_p1_converted.mp4,2340.400,15.0,social_agent,facial sniffing,,,STATE,2041.800,2041.933,0.133,,
23_cage_p1,2024-10-04 13:49:52,,/Users/naylajimenez/Downloads/23_cage_p1_converted.mp4,2340.400,15.0,subject,facial sniffing,,,STATE,2041.867,2041.933,0.066,,
23_cage_p1,2024-10-04 13:49:52,,/Users/naylajimenez/Downloads/23_cage_p1_converted.mp4,2340.400,15.0,social_agent,mice back in,,,POINT,2041.867,2041.867,NA,,
23_cage_p1,2024-10-04 13:49:52,,/Users/naylajimenez/Downloads/23_cage_p1_converted.mp4,2340.400,15.0,subject,anogenital sniffing,,,STATE,2042.933,2043.867,0.934,,
23_cage_p1,2024-10-04 13:49:52,,/Users/naylajimenez/Downloads/23_cage_p1_converted.mp4,2340.400,15.0,subject,anogenital sniffing,,,STATE,2044.800,2044.933,0.133,,
23_cage_p1,2024-10-04 13:49:52,,/Users/naylajimenez/Downloads/23_cage_p1_converted.mp4,2340.400,15.0,subject,anogenital sniffing,,,STATE,2046.533,2048.867,2.334,,
23_cage_p1,2024-10-04 13:49:52,,/Users/naylajimenez/Downloads/23_cage_p1_converted.mp4,2340.400,15.0,social_agent,facial sniffing,,,STATE,2051.667,2051.733,0.066,,
23_cage_p1,2024-10-04 13:49:52,,/Users/naylajimenez/Downloads/23_cage_p1_converted.mp4,2340.400,15.0,subject,facial sniffing,,,STATE,2054.067,2054.133,0.066,,
23_cage_p1,2024-10-04 13:49:52,,/Users/naylajimenez/Downloads/23_cage_p1_converted.mp4,2340.400,15.0,social_agent,facial sniffing,,,STATE,2060.533,2060.667,0.134,,
23_cage_p1,2024-10-04 13:49:52,,/Users/naylajimenez/Downloads/23_cage_p1_converted.mp4,2340.400,15.0,social_agent,facial sniffing,,,STATE,2065.733,2065.800,0.067,,
23_cage_p1,2024-10-04 13:49:52,,/Users/naylajimenez/Downloads/23_cage_p1_converted.mp4,2340.400,15.0,social_agent,anogenital sniffing,,,STATE,2069.667,2071.000,1.333,,
23_cage_p1,2024-10-04 13:49:52,,/Users/naylajimenez/Downloads/23_cage_p1_converted.mp4,2340.400,15.0,subject,anogenital sniffing,,,STATE,2071.667,2071.933,0.266,,
23_cage_p1,2024-10-04 13:49:52,,/Users/naylajimenez/Downloads/23_cage_p1_converted.mp4,2340.400,15.0,social_agent,anogenital sniffing,,,STATE,2072.200,2073.067,0.867,,
23_cage_p1,2024-10-04 13:49:52,,/Users/naylajimenez/Downloads/23_cage_p1_converted.mp4,2340.400,15.0,subject,anogenital sniffing,,,STATE,2072.933,2073.000,0.067,,
23_cage_p1,2024-10-04 13:49:52,,/Users/naylajimenez/Downloads/23_cage_p1_converted.mp4,2340.400,15.0,subject,facial sniffing,,,STATE,2078.733,2080.333,1.600,,
23_cage_p1,2024-10-04 13:49:52,,/Users/naylajimenez/Downloads/23_cage_p1_converted.mp4,2340.400,15.0,social_agent,facial sniffing,,,STATE,2078.933,2080.200,1.267,,
23_cage_p1,2024-10-04 13:49:52,,/Users/naylajimenez/Downloads/23_cage_p1_converted.mp4,2340.400,15.0,subject,anogenital sniffing,,,STATE,2083.200,2083.333,0.133,,
23_cage_p1,2024-10-04 13:49:52,,/Users/naylajimenez/Downloads/23_cage_p1_converted.mp4,2340.400,15.0,subject,facial sniffing,,,STATE,2086.467,2086.533,0.066,,
23_cage_p1,2024-10-04 13:49:52,,/Users/naylajimenez/Downloads/23_cage_p1_converted.mp4,2340.400,15.0,social_agent,facial sniffing,,,STATE,2086.467,2086.667,0.200,,
23_cage_p1,2024-10-04 13:49:52,,/Users/naylajimenez/Downloads/23_cage_p1_converted.mp4,2340.400,15.0,social_agent,facial sniffing,,,STATE,2087.400,2087.667,0.267,,
23_cage_p1,2024-10-04 13:49:52,,/Users/naylajimenez/Downloads/23_cage_p1_converted.mp4,2340.400,15.0,subject,facial sniffing,,,STATE,2087.467,2087.733,0.266,,
23_cage_p1,2024-10-04 13:49:52,,/Users/naylajimenez/Downloads/23_cage_p1_converted.mp4,2340.400,15.0,subject,anogenital sniffing,,,STATE,2095.600,2096.733,1.133,,
23_cage_p1,2024-10-04 13:49:52,,/Users/naylajimenez/Downloads/23_cage_p1_converted.mp4,2340.400,15.0,subject,anogenital sniffing,,,STATE,2100.067,2100.400,0.333,,
23_cage_p1,2024-10-04 13:49:52,,/Users/naylajimenez/Downloads/23_cage_p1_converted.mp4,2340.400,15.0,subject,facial sniffing,,,STATE,2108.200,2109.200,1.000,,
23_cage_p1,2024-10-04 13:49:52,,/Users/naylajimenez/Downloads/23_cage_p1_converted.mp4,2340.400,15.0,social_agent,anogenital sniffing,,,STATE,2111.267,2111.800,0.533,,
23_cage_p1,2024-10-04 13:49:52,,/Users/naylajimenez/Downloads/23_cage_p1_converted.mp4,2340.400,15.0,social_agent,anogenital sniffing,,,STATE,2113.400,2113.600,0.200,,
23_cage_p1,2024-10-04 13:49:52,,/Users/naylajimenez/Downloads/23_cage_p1_converted.mp4,2340.400,15.0,subject,facial sniffing,,,STATE,2116.400,2116.933,0.533,,
23_cage_p1,2024-10-04 13:49:52,,/Users/naylajimenez/Downloads/23_cage_p1_converted.mp4,2340.400,15.0,subject,anogenital sniffing,,,STATE,2126.000,2126.067,0.067,,
23_cage_p1,2024-10-04 13:49:52,,/Users/naylajimenez/Downloads/23_cage_p1_converted.mp4,2340.400,15.0,subject,anogenital sniffing,,,STATE,2128.000,2128.067,0.067,,
23_cage_p1,2024-10-04 13:49:52,,/Users/naylajimenez/Downloads/23_cage_p1_converted.mp4,2340.400,15.0,subject,facial sniffing,,,STATE,2138.400,2138.600,0.200,,
23_cage_p1,2024-10-04 13:49:52,,/Users/naylajimenez/Downloads/23_cage_p1_converted.mp4,2340.400,15.0,social_agent,facial sniffing,,,STATE,2138.400,2138.600,0.200,,
23_cage_p1,2024-10-04 13:49:52,,/Users/naylajimenez/Downloads/23_cage_p1_converted.mp4,2340.400,15.0,subject,facial sniffing,,,STATE,2138.867,2139.200,0.333,,
23_cage_p1,2024-10-04 13:49:52,,/Users/naylajimenez/Downloads/23_cage_p1_converted.mp4,2340.400,15.0,subject,facial sniffing,,,STATE,2139.400,2139.533,0.133,,
23_cage_p1,2024-10-04 13:49:52,,/Users/naylajimenez/Downloads/23_cage_p1_converted.mp4,2340.400,15.0,social_agent,facial sniffing,,,STATE,2139.467,2139.533,0.066,,
23_cage_p1,2024-10-04 13:49:52,,/Users/naylajimenez/Downloads/23_cage_p1_converted.mp4,2340.400,15.0,subject,anogenital sniffing,,,STATE,2141.200,2141.467,0.267,,
23_cage_p1,2024-10-04 13:49:52,,/Users/naylajimenez/Downloads/23_cage_p1_converted.mp4,2340.400,15.0,subject,facial sniffing,,,STATE,2146.600,2146.667,0.067,,
23_cage_p1,2024-10-04 13:49:52,,/Users/naylajimenez/Downloads/23_cage_p1_converted.mp4,2340.400,15.0,social_agent,facial sniffing,,,STATE,2146.600,2146.667,0.067,,
23_cage_p1,2024-10-04 13:49:52,,/Users/naylajimenez/Downloads/23_cage_p1_converted.mp4,2340.400,15.0,subject,anogenital sniffing,,,STATE,2148.267,2148.733,0.466,,
23_cage_p1,2024-10-04 13:49:52,,/Users/naylajimenez/Downloads/23_cage_p1_converted.mp4,2340.400,15.0,subject,facial sniffing,,,STATE,2149.867,2151.067,1.200,,
23_cage_p1,2024-10-04 13:49:52,,/Users/naylajimenez/Downloads/23_cage_p1_converted.mp4,2340.400,15.0,social_agent,facial sniffing,,,STATE,2150.333,2150.467,0.134,,
23_cage_p1,2024-10-04 13:49:52,,/Users/naylajimenez/Downloads/23_cage_p1_converted.mp4,2340.400,15.0,social_agent,facial sniffing,,,STATE,2150.933,2151.333,0.400,,
23_cage_p1,2024-10-04 13:49:52,,/Users/naylajimenez/Downloads/23_cage_p1_converted.mp4,2340.400,15.0,subject,anogenital sniffing,,,STATE,2151.533,2151.800,0.267,,
23_cage_p1,2024-10-04 13:49:52,,/Users/naylajimenez/Downloads/23_cage_p1_converted.mp4,2340.400,15.0,social_agent,anogenital sniffing,,,STATE,2154.867,2155.000,0.133,,
23_cage_p1,2024-10-04 13:49:52,,/Users/naylajimenez/Downloads/23_cage_p1_converted.mp4,2340.400,15.0,subject,facial sniffing,,,STATE,2162.067,2164.200,2.133,,
23_cage_p1,2024-10-04 13:49:52,,/Users/naylajimenez/Downloads/23_cage_p1_converted.mp4,2340.400,15.0,subject,facial sniffing,,,STATE,2167.733,2167.800,0.067,,
23_cage_p1,2024-10-04 13:49:52,,/Users/naylajimenez/Downloads/23_cage_p1_converted.mp4,2340.400,15.0,subject,facial sniffing,,,STATE,2174.867,2174.933,0.066,,
23_cage_p1,2024-10-04 13:49:52,,/Users/naylajimenez/Downloads/23_cage_p1_converted.mp4,2340.400,15.0,social_agent,facial sniffing,,,STATE,2174.867,2174.933,0.066,,
23_cage_p1,2024-10-04 13:49:52,,/Users/naylajimenez/Downloads/23_cage_p1_converted.mp4,2340.400,15.0,subject,anogenital sniffing,,,STATE,2175.533,2176.600,1.067,,
23_cage_p1,2024-10-04 13:49:52,,/Users/naylajimenez/Downloads/23_cage_p1_converted.mp4,2340.400,15.0,subject,anogenital sniffing,,,STATE,2187.200,2187.333,0.133,,
23_cage_p1,2024-10-04 13:49:52,,/Users/naylajimenez/Downloads/23_cage_p1_converted.mp4,2340.400,15.0,subject,facial sniffing,,,STATE,2187.933,2188.000,0.067,,
23_cage_p1,2024-10-04 13:49:52,,/Users/naylajimenez/Downloads/23_cage_p1_converted.mp4,2340.400,15.0,social_agent,facial sniffing,,,STATE,2188.000,2188.067,0.067,,
23_cage_p1,2024-10-04 13:49:52,,/Users/naylajimenez/Downloads/23_cage_p1_converted.mp4,2340.400,15.0,subject,anogenital sniffing,,,STATE,2190.533,2196.333,5.800,,
23_cage_p1,2024-10-04 13:49:52,,/Users/naylajimenez/Downloads/23_cage_p1_converted.mp4,2340.400,15.0,subject,anogenital sniffing,,,STATE,2196.400,2196.467,0.067,,
23_cage_p1,2024-10-04 13:49:52,,/Users/naylajimenez/Downloads/23_cage_p1_converted.mp4,2340.400,15.0,subject,anogenital sniffing,,,STATE,2200.067,2200.200,0.133,,
23_cage_p1,2024-10-04 13:49:52,,/Users/naylajimenez/Downloads/23_cage_p1_converted.mp4,2340.400,15.0,subject,facial sniffing,,,STATE,2207.133,2207.200,0.067,,
23_cage_p1,2024-10-04 13:49:52,,/Users/naylajimenez/Downloads/23_cage_p1_converted.mp4,2340.400,15.0,social_agent,facial sniffing,,,STATE,2207.200,2207.267,0.067,,
23_cage_p1,2024-10-04 13:49:52,,/Users/naylajimenez/Downloads/23_cage_p1_converted.mp4,2340.400,15.0,subject,anogenital sniffing,,,STATE,2208.000,2208.067,0.067,,
23_cage_p1,2024-10-04 13:49:52,,/Users/naylajimenez/Downloads/23_cage_p1_converted.mp4,2340.400,15.0,subject,anogenital sniffing,,,STATE,2208.933,2209.000,0.067,,
23_cage_p1,2024-10-04 13:49:52,,/Users/naylajimenez/Downloads/23_cage_p1_converted.mp4,2340.400,15.0,subject,anogenital sniffing,,,STATE,2216.467,2216.533,0.066,,
23_cage_p1,2024-10-04 13:49:52,,/Users/naylajimenez/Downloads/23_cage_p1_converted.mp4,2340.400,15.0,social_agent,facial sniffing,,,STATE,2221.333,2221.467,0.134,,
23_cage_p1,2024-10-04 13:49:52,,/Users/naylajimenez/Downloads/23_cage_p1_converted.mp4,2340.400,15.0,subject,facial sniffing,,,STATE,2221.400,2221.467,0.067,,
23_cage_p1,2024-10-04 13:49:52,,/Users/naylajimenez/Downloads/23_cage_p1_converted.mp4,2340.400,15.0,social_agent,facial sniffing,,,STATE,2222.067,2222.133,0.066,,
23_cage_p1,2024-10-04 13:49:52,,/Users/naylajimenez/Downloads/23_cage_p1_converted.mp4,2340.400,15.0,subject,anogenital sniffing,,,STATE,2230.267,2230.800,0.533,,
23_cage_p1,2024-10-04 13:49:52,,/Users/naylajimenez/Downloads/23_cage_p1_converted.mp4,2340.400,15.0,subject,anogenital sniffing,,,STATE,2239.733,2239.867,0.134,,
23_cage_p1,2024-10-04 13:49:52,,/Users/naylajimenez/Downloads/23_cage_p1_converted.mp4,2340.400,15.0,subject,facial sniffing,,,STATE,2240.733,2241.133,0.400,,
23_cage_p1,2024-10-04 13:49:52,,/Users/naylajimenez/Downloads/23_cage_p1_converted.mp4,2340.400,15.0,subject,facial sniffing,,,STATE,2244.933,2245.133,0.200,,
23_cage_p1,2024-10-04 13:49:52,,/Users/naylajimenez/Downloads/23_cage_p1_converted.mp4,2340.400,15.0,social_agent,facial sniffing,,,STATE,2245.000,2245.267,0.267,,
23_cage_p1,2024-10-04 13:49:52,,/Users/naylajimenez/Downloads/23_cage_p1_converted.mp4,2340.400,15.0,subject,anogenital sniffing,,,STATE,2249.667,2249.733,0.066,,
23_cage_p1,2024-10-04 13:49:52,,/Users/naylajimenez/Downloads/23_cage_p1_converted.mp4,2340.400,15.0,social_agent,facial sniffing,,,STATE,2260.733,2260.800,0.067,,
23_cage_p1,2024-10-04 13:49:52,,/Users/naylajimenez/Downloads/23_cage_p1_converted.mp4,2340.400,15.0,subject,anogenital sniffing,,,STATE,2262.667,2262.733,0.066,,
23_cage_p1,2024-10-04 13:49:52,,/Users/naylajimenez/Downloads/23_cage_p1_converted.mp4,2340.400,15.0,subject,facial sniffing,,,STATE,2269.600,2269.867,0.267,,
23_cage_p1,2024-10-04 13:49:52,,/Users/naylajimenez/Downloads/23_cage_p1_converted.mp4,2340.400,15.0,social_agent,facial sniffing,,,STATE,2269.800,2269.867,0.067,,
23_cage_p1,2024-10-04 13:49:52,,/Users/naylajimenez/Downloads/23_cage_p1_converted.mp4,2340.400,15.0,subject,anogenital sniffing,,,STATE,2275.067,2275.267,0.200,,
23_cage_p1,2024-10-04 13:49:52,,/Users/naylajimenez/Downloads/23_cage_p1_converted.mp4,2340.400,15.0,social_agent,facial sniffing,,,STATE,2275.400,2275.467,0.067,,
23_cage_p1,2024-10-04 13:49:52,,/Users/naylajimenez/Downloads/23_cage_p1_converted.mp4,2340.400,15.0,social_agent,facial sniffing,,,STATE,2278.000,2278.067,0.067,,
23_cage_p1,2024-10-04 13:49:52,,/Users/naylajimenez/Downloads/23_cage_p1_converted.mp4,2340.400,15.0,subject,facial sniffing,,,STATE,2278.067,2278.200,0.133,,
23_cage_p1,2024-10-04 13:49:52,,/Users/naylajimenez/Downloads/23_cage_p1_converted.mp4,2340.400,15.0,subject,anogenital sniffing,,,STATE,2290.667,2290.733,0.066,,
23_cage_p1,2024-10-04 13:49:52,,/Users/naylajimenez/Downloads/23_cage_p1_converted.mp4,2340.400,15.0,subject,anogenital sniffing,,,STATE,2297.933,2298.800,0.867,,
23_cage_p1,2024-10-04 13:49:52,,/Users/naylajimenez/Downloads/23_cage_p1_converted.mp4,2340.400,15.0,subject,anogenital sniffing,,,STATE,2300.867,2301.267,0.400,,
23_cage_p1,2024-10-04 13:49:52,,/Users/naylajimenez/Downloads/23_cage_p1_converted.mp4,2340.400,15.0,social_agent,facial sniffing,,,STATE,2304.000,2304.267,0.267,,
23_cage_p1,2024-10-04 13:49:52,,/Users/naylajimenez/Downloads/23_cage_p1_converted.mp4,2340.400,15.0,subject,facial sniffing,,,STATE,2304.133,2304.267,0.134,,
23_cage_p1,2024-10-04 13:49:52,,/Users/naylajimenez/Downloads/23_cage_p1_converted.mp4,2340.400,15.0,subject,facial sniffing,,,STATE,2325.067,2325.200,0.133,,
23_cage_p1,2024-10-04 13:49:52,,/Users/naylajimenez/Downloads/23_cage_p1_converted.mp4,2340.400,15.0,social_agent,facial sniffing,,,STATE,2325.067,2325.200,0.133,,
23_cage_p1,2024-10-04 13:49:52,,/Users/naylajimenez/Downloads/23_cage_p1_converted.mp4,2340.400,15.0,subject,anogenital sniffing,,,STATE,2325.333,2325.600,0.267,,
23_cage_p1,2024-10-04 13:49:52,,/Users/naylajimenez/Downloads/23_cage_p1_converted.mp4,2340.400,15.0,subject,facial sniffing,,,STATE,2339.067,2339.133,0.066,,
23_cage_p1,2024-10-04 13:49:52,,/Users/naylajimenez/Downloads/23_cage_p1_converted.mp4,2340.400,15.0,social_agent,facial sniffing,,,STATE,2339.067,2339.133,0.066,,
